"","X.1","X","Unique.ID","Experiment","Type","Tissue","Site","PI","Analysis","N","Plant.Number","ID.initial","Orignal.conc.sent","Orig.vol.sent","Orig.sample.sent..ug.","QC.RIN","QC.CONC","QC.total.sample.remaining..ug.","Status","JGI.Batch","Num","id","Plant.Type","Day_July","Treatment","Collector_July","Order_July","TubeSet1_MG_July","TubeSet2_MG_July","PD_LWP_July","MD_LWP_July","Tissue_Time_July","VWC_July","Period_July","library"
"F1_H040_457",227,227,235,"P_hallii_F2","RNA","leaf","field harvest","Juenger","eQTL","H040",457,"F1",NA,50,0,9.1,0.246,11.07,"PASS",1,457,"F1","Parent",1,"Dry","A",92,"H040.1","H040.2",8.5,32.5,"12:51",NA,NA,"F1_H040_457"
"F1_H005_732",37,37,45,"P_hallii_F2","RNA","leaf","field harvest","Juenger","eQTL","H005",732,"F1",164,50,8.2,8.6,0.201,9.045,"PASS",1,732,"F1","Parent",1,"Dry","A",57,"H005.1","H005.2",5,27.5,"12:13",7,0.79,"F1_H005_732"
"F1_H140_842",115,115,123,"P_hallii_F2","RNA","leaf","field harvest","Juenger","eQTL","H140",842,"F1",141,50,7.05,8.6,0.22,9.9,"PASS",1,842,"F1","Parent",1,"Dry","B",90,"H140.1","H140.2",5,48,"13:12",3,0.79,"F1_H140_842"
"F1_H148_386",319,319,327,"P_hallii_F2","RNA","leaf","field harvest","Juenger","eQTL","H148",386,"F1",157,50,7.8,9.6,0.209,9.405,"PASS",1,386,"F1","Parent",1,"Dry","B",98,"H148.1","H148.2",5,28,"13:23",6,0.82,"F1_H148_386"
"F1_H151_243",178,178,186,"P_hallii_F2","RNA","leaf","field harvest","Juenger","eQTL","H151",243,"F1",NA,50,0,9.6,0.301,13.545,"PASS",3,243,"F1","Parent",1,"Dry","B",101,"H151.1","H151.2",12,35,"13:27",7,0.83,"F1_H151_243"
"F1_G969_327",124,124,132,"P_hallii_F2","RNA","leaf","field harvest","Juenger","eQTL","G969",327,"F1",168,50,8.4,8.6,0.251,11.295,"PASS",4,327,"F1","Parent",1,"Dry","A",22,"G969.1","G969.2",12,31,"11:28",6,0.82,"F1_G969_327"
"F1_G948_376",337,337,345,"P_hallii_F2","RNA","leaf","field harvest","Juenger","eQTL","G948",376,"F1",148,50,7.4,3.5,0.239,10.755,"FAIL",NA,376,"F1","Parent",1,"Dry","A",1,"G948.1","G948.2",5.5,26.5,"10:58",NA,NA,"F1_G948_376"
"F1_H131_966",35,35,43,"P_hallii_F2","RNA","leaf","field harvest","Juenger","eQTL","H131",966,"F1",144,50,7.2,9.3,0.2,9,"PASS",4,966,"F1","Parent",1,"Dry","B",81,"H131.1","H131.2",20,42,"13:01",NA,NA,"F1_H131_966"
"F1_H021_969",377,377,385,"P_hallii_F2","RNA","leaf","field harvest","Juenger","eQTL","H021",969,"F1",279,50,13.9,9,0.353,15.885,"PASS",3,969,"F1","Parent",1,"Dry","A",73,"H021.1","H021.2",23.5,40.5,"12:30",5,0.81,"F1_H021_969"
"F1_H016.1_219",68,68,76,"P_hallii_F2","RNA","leaf","field harvest","Juenger","eQTL","H016.1",219,"F1",224,50,11.2,9.4,0.3055,13.7475,"PASS",3,219,"F1","Parent",1,"Dry","A",68,"H016.1","H016.2",6,26,"12:25",8,0.83,"F1_H016.1_219"
"F1_H042.1_688",71,71,79,"P_hallii_F2","RNA","leaf","field harvest","Juenger","eQTL","H042.1",688,"F1",257,50,12.827,8.1,0.262,11.79,"PASS",3,688,"F1","Parent",1,"Dry","A",94,"H042.1","H042.2",4.5,29.5,"12:53",NA,NA,"F1_H042.1_688"
"F1_H064_616",367,367,375,"P_hallii_F2","RNA","leaf","field harvest","Juenger","eQTL","H064",616,"F1",121,50,6,9.3,0.156,7.02,"PASS",3,616,"F1","Parent",1,"Dry","B",14,"H064.1","H064.2",3.5,29,"11:20",4,0.81,"F1_H064_616"
"F1_H107_918",125,125,133,"P_hallii_F2","RNA","leaf","field harvest","Juenger","eQTL","H107",918,"F1",61,50,3.05,8.7,0.072,3.24,"FAIL",NA,918,"F1","Parent",1,"Dry","B",57,"H107.1","H107.2",4,19.5,"12:24",5,0.81,"F1_H107_918"
"F1_H128_677",43,43,51,"P_hallii_F2","RNA","leaf","field harvest","Juenger","eQTL","H128",677,"F1",238,50,11.9,8.5,0.249,11.205,"PASS",2,677,"F1","Parent",1,"Dry","B",78,"H128.1","H128.2",2.5,25,"12:56",8,0.83,"F1_H128_677"
"F1_H347.1_410",86,86,94,"P_hallii_F2","RNA","leaf","field harvest","Juenger","eQTL","H347.1",410,"F1",162,50,8.1,9,0.246,11.07,"PASS",1,410,"F1","Parent",2,"Wet","B",93,"H347.1","H347.2",2.5,19,"13:09",NA,NA,"F1_H347.1_410"
"F1_H343_981",280,280,288,"P_hallii_F2","RNA","leaf","field harvest","Juenger","eQTL","H343",981,"F1",168,50,8.4,8.8,0.233,10.485,"PASS",1,981,"F1","Parent",2,"Wet","B",89,"H343.1","H343.2",3.5,20.5,"13:02",NA,NA,"F1_H343_981"
"F1_H229_417",288,288,296,"P_hallii_F2","RNA","leaf","field harvest","Juenger","eQTL","H229",417,"F1",141.2,50,7,8.5,0.194,8.73,"PASS",1,417,"F1","Parent",2,"Wet","A",77,"H229.1","H229.2",5,19,"12:54",NA,NA,"F1_H229_417"
"F1_H273_254",17,17,25,"P_hallii_F2","RNA","leaf","field harvest","Juenger","eQTL","H273",254,"F1",333,50,16.625,8.8,0.384,17.28,"PASS",1,254,"F1","Parent",2,"Wet","B",19,"H273.1","H273.2",6.5,25,"11:22",NA,NA,"F1_H273_254"
"F1_H231_250",277,277,285,"P_hallii_F2","RNA","leaf","field harvest","Juenger","eQTL","H231",250,"F1",184,50,9.2,8.6,0.232,10.44,"PASS",3,250,"F1","Parent",2,"Wet","A",79,"H231.1","H231.2",4,19,"12:56",NA,NA,"F1_H231_250"
"F1_H185_520",310,310,318,"P_hallii_F2","RNA","leaf","field harvest","Juenger","eQTL","H185",520,"F1",117.73,50,6,8.5,0.1495,6.7275,"PASS",2,520,"F1","Parent",2,"Wet","A",33,"H185.1","H185.2",3.5,14,"11:47",NA,NA,"F1_H185_520"
"F1_H352_759",220,220,228,"P_hallii_F2","RNA","leaf","field harvest","Juenger","eQTL","H352",759,"F1",NA,50,0,8.8,0.243,10.935,"PASS",2,759,"F1","Parent",2,"Wet","B",98,"H352.1","H352.2",3,19.5,"13:15",10,0.85,"F1_H352_759"
"F1_H317_925",255,255,263,"P_hallii_F2","RNA","leaf","field harvest","Juenger","eQTL","H317",925,"F1",127,50,6.3,8.7,0.161,7.245,"PASS",2,925,"F1","Parent",2,"Wet","B",63,"H317.1","H317.2",4,3,"12:30",25,0.95,"F1_H317_925"
"F1_H350_879",292,292,300,"P_hallii_F2","RNA","leaf","field harvest","Juenger","eQTL","H350",879,"F1",227.03,50,11,8.5,0.295,13.275,"PASS",2,879,"F1","Parent",2,"Wet","B",96,"H350.1","H350.2",3.5,19.5,"13:12",31,0.99,"F1_H350_879"
"F1_H220_365",202,202,210,"P_hallii_F2","RNA","leaf","field harvest","Juenger","eQTL","H220",365,"F1",NA,50,0,8.7,0.27,12.15,"PASS",4,365,"F1","Parent",2,"Wet","A",68,"H220.1","H220.2",3,9.5,"12:42",NA,NA,"F1_H220_365"
"F1_H355_38",156,156,164,"P_hallii_F2","RNA","leaf","field harvest","Juenger","eQTL","H355",38,"F1",261,50,13.05,9.1,0.392,17.64,"PASS",4,38,"F1","Parent",2,"Wet","B",101,"H355.1","H355.2",4,21,"13:18",12,0.86,"F1_H355_38"
"F1_H270_964",272,272,280,"P_hallii_F2","RNA","leaf","field harvest","Juenger","eQTL","H270",964,"F1",173,50,8.6,9.2,0.213,9.585,"PASS",4,964,"F1","Parent",2,"Wet","B",16,"H270.1","H270.2",6,15.5,"11:19",31,0.98,"F1_H270_964"
"F1_H294_525",20,20,28,"P_hallii_F2","RNA","leaf","field harvest","Juenger","eQTL","H294",525,"F1",96,50,4.8,9,0.1455,6.5475,"PASS",4,525,"F1","Parent",2,"Wet","B",40,"H294.1","H294.2",5,17,"11:50",NA,NA,"F1_H294_525"
"F1_H249_22",1,1,9,"P_hallii_F2","RNA","leaf","field harvest","Juenger","eQTL","H249",22,"F1",44,50,2.2,9.5,0.059,2.655,"FAIL",NA,22,"F1","Parent",2,"Wet","A",97,"H249.1","H249.2",3,21,"13:19",7,0.82,"F1_H249_22"
"F1_H253_725",281,281,289,"P_hallii_F2","RNA","leaf","field harvest","Juenger","eQTL","H253",725,"F1",103,50,5.1,9.1,0.1515,6.8175,"PASS",3,725,"F1","Parent",2,"Wet","A",101,"H253.1","H253.2",2.5,19,"13:23",30,0.98,"F1_H253_725"
"F1_H239_8",305,305,313,"P_hallii_F2","RNA","leaf","field harvest","Juenger","eQTL","H239",8,"F1",116.17,50,6,8.5,0.1345,6.0525,"PASS",3,8,"F1","Parent",2,"Wet","A",87,"H239.1","H239.2",3.5,19.5,"13:05",NA,NA,"F1_H239_8"
"FH075_H134_880",59,59,67,"P_hallii_F2","RNA","leaf","field harvest","Juenger","eQTL","H134",880,"FH075",253,50,12.65,8.6,0.29,13.05,"PASS",1,880,"FH075","F2",1,"Dry","B",84,"H134.1","H134.2",6,22.5,"13:05",NA,NA,"FH075_H134_880"
"FH348_H006.1_931",67,67,75,"P_hallii_F2","RNA","leaf","field harvest","Juenger","eQTL","H006.1",931,"FH348",180,50,9,9.5,0.237,10.665,"PASS",1,931,"FH348","F2",1,"Dry","A",58,"H006.1","H006.2",35,47,"12:13",NA,NA,"FH348_H006.1_931"
"FH100_G971_375",342,342,350,"P_hallii_F2","RNA","leaf","field harvest","Juenger","eQTL","G971",375,"FH100",82,50,4.1,7.7,0.115,5.175,"PASS",1,375,"FH100","F2",1,"Dry","A",24,"G971.1","G971.2",5,32,"11:31",4,0.8,"FH100_G971_375"
"FH109_H075_432",164,164,172,"P_hallii_F2","RNA","leaf","field harvest","Juenger","eQTL","H075",432,"FH109",NA,50,0,9.2,0.273,12.285,"PASS",1,432,"FH109","F2",1,"Dry","B",25,"H075.1","H075.2",8,26.5,"11:34",3,0.79,"FH109_H075_432"
"FH078_H079_265",32,32,40,"P_hallii_F2","RNA","leaf","field harvest","Juenger","eQTL","H079",265,"FH078",61,50,3.05,9.5,0.09,4.05,"PASS",1,265,"FH078","F2",1,"Dry","B",29,"H079.1","H079.2",37,50,"11:40",NA,NA,"FH078_H079_265"
"FH271_H046_777",362,362,370,"P_hallii_F2","RNA","leaf","field harvest","Juenger","eQTL","H046",777,"FH271",188,50,9.4,9.5,0.261,11.745,"PASS",1,777,"FH271","F2",1,"Dry","A",98,"H046.1","H046.2",27,38,"12:57",NA,NA,"FH271_H046_777"
"FH324_H103_412",357,357,365,"P_hallii_F2","RNA","leaf","field harvest","Juenger","eQTL","H103",412,"FH324",245,50,12.2,9.1,0.328,14.76,"PASS",1,412,"FH324","F2",1,"Dry","B",53,"H103.1","H103.2",4.5,50,"12:18",3,0.79,"FH324_H103_412"
"FH218_H009_867",122,122,130,"P_hallii_F2","RNA","leaf","field harvest","Juenger","eQTL","H009",867,"FH218",138,50,6.9,8.8,0.213,9.585,"PASS",1,867,"FH218","F2",1,"Dry","A",61,"H009.1","H009.2",24,44,"12:17",NA,NA,"FH218_H009_867"
"FH365_H044_583",63,63,71,"P_hallii_F2","RNA","leaf","field harvest","Juenger","eQTL","H044",583,"FH365",58,50,2.9,0,0.077,3.465,"FAIL",NA,583,"FH365","F2",1,"Dry","A",96,"H044.1","H044.2",6.5,27,"12:54",NA,NA,"FH365_H044_583"
"FH113_H001_269",151,151,159,"P_hallii_F2","RNA","leaf","field harvest","Juenger","eQTL","H001",269,"FH113",216,50,10.8,8.8,0.325,14.625,"PASS",1,269,"FH113","F2",1,"Dry","A",53,"H001.1","H001.2",10,49.5,"12:08",8,0.83,"FH113_H001_269"
"FH087_H066_951",322,322,330,"P_hallii_F2","RNA","leaf","field harvest","Juenger","eQTL","H066",951,"FH087",84,50,4.2,9.5,0.1145,5.1525,"PASS",1,951,"FH087","F2",1,"Dry","B",16,"H066.1","H066.2",6,50,"11:22",6,0.82,"FH087_H066_951"
"FH277_H062_402",41,41,49,"P_hallii_F2","RNA","leaf","field harvest","Juenger","eQTL","H062",402,"FH277",133,50,6.65,9.2,0.179,8.055,"PASS",1,402,"FH277","F2",1,"Dry","B",12,"H062.1","H062.2",4.5,21,"11:17",3,0.79,"FH277_H062_402"
"FH220_H049_743",103,103,111,"P_hallii_F2","RNA","leaf","field harvest","Juenger","eQTL","H049",743,"FH220",62,50,3.1,8.9,0.0875,3.9375,"PASS",1,743,"FH220","F2",1,"Dry","A",101,"H049.1","H049.2",11.5,30.5,"13:00",4,0.8,"FH220_H049_743"
"FH017_G981_462",140,140,148,"P_hallii_F2","RNA","leaf","field harvest","Juenger","eQTL","G981",462,"FH017",57,50,2.85,8.7,0.075,3.375,"FAIL",NA,462,"FH017","F2",1,"Dry","A",34,"G981.1","G981.2",2,18,"11:43",NA,NA,"FH017_G981_462"
"FH061_H078_36",58,58,66,"P_hallii_F2","RNA","leaf","field harvest","Juenger","eQTL","H078",36,"FH061",142,50,7.1,9.2,0.206,9.27,"PASS",1,36,"FH061","F2",1,"Dry","B",28,"H078.1","H078.2",7.5,38.5,"11:39",3,0.79,"FH061_H078_36"
"FH381_H100_503",46,46,54,"P_hallii_F2","RNA","leaf","field harvest","Juenger","eQTL","H100",503,"FH381",113,50,5.65,7.9,0.1795,8.0775,"PASS",1,503,"FH381","F2",1,"Dry","B",50,"H100.1","H100.2",18.5,23,"12:13",6,0.82,"FH381_H100_503"
"FH127_H017_716",235,235,243,"P_hallii_F2","RNA","leaf","field harvest","Juenger","eQTL","H017",716,"FH127",NA,50,0,8.8,0.232,10.44,"PASS",1,716,"FH127","F2",1,"Dry","A",69,"H017.1","H017.2",4.5,21.5,"12:26",4,0.8,"FH127_H017_716"
"FH229_H145_21",186,186,194,"P_hallii_F2","RNA","leaf","field harvest","Juenger","eQTL","H145",21,"FH229",NA,50,0,8.6,0.1845,8.3025,"PASS",1,21,"FH229","F2",1,"Dry","B",95,"H145.1","H145.2",20,41.5,"13:19",NA,NA,"FH229_H145_21"
"FH024_H024_597",335,335,343,"P_hallii_F2","RNA","leaf","field harvest","Juenger","eQTL","H024",597,"FH024",109,50,5.4,9.5,0.1575,7.0875,"PASS",1,597,"FH024","F2",1,"Dry","A",76,"H024.1","H024.2",6.5,21,"12:35",NA,NA,"FH024_H024_597"
"FH003_G967_742",54,54,62,"P_hallii_F2","RNA","leaf","field harvest","Juenger","eQTL","G967",742,"FH003",125,50,6.25,9.3,0.0885,3.9825,"PASS",1,742,"FH003","F2",1,"Dry","A",20,"G967.1","G967.2",8,30.5,"11:25",NA,NA,"FH003_G967_742"
"FH334_H022_849",33,33,41,"P_hallii_F2","RNA","leaf","field harvest","Juenger","eQTL","H022",849,"FH334",67,50,3.35,9.5,0.0985,4.4325,"PASS",1,849,"FH334","F2",1,"Dry","A",74,"H022.1","H022.2",32,38.5,"12:32",8,0.83,"FH334_H022_849"
"FH071_H129_43",241,241,249,"P_hallii_F2","RNA","leaf","field harvest","Juenger","eQTL","H129",43,"FH071",182,50,9.1,9.3,0.172,7.74,"PASS",1,43,"FH071","F2",1,"Dry","B",79,"H129.1","H129.2",25.5,50,"12:58",0,0.77,"FH071_H129_43"
"FH339_H083_789",39,39,47,"P_hallii_F2","RNA","leaf","field harvest","Juenger","eQTL","H083",789,"FH339",150,50,7.5,9.1,0.1895,8.5275,"PASS",1,789,"FH339","F2",1,"Dry","B",33,"H083.1","H083.2",8.5,35,"11:48",NA,NA,"FH339_H083_789"
"FH026_H122_718",188,188,196,"P_hallii_F2","RNA","leaf","field harvest","Juenger","eQTL","H122",718,"FH026",NA,50,0,9.5,0.0525,2.3625,"FAIL",1,718,"FH026","F2",1,"Dry","B",72,"H122.1","H122.2",NA,NA,"12:48",3,0.8,"FH026_H122_718"
"FH304_H089_815",175,175,183,"P_hallii_F2","RNA","leaf","field harvest","Juenger","eQTL","H089",815,"FH304",NA,50,0,9.3,0.0965,4.3425,"PASS",1,815,"FH304","F2",1,"Dry","B",39,"H089.1","H089.2",6,27,"11:57",NA,NA,"FH304_H089_815"
"FH269_H035_197",346,346,354,"P_hallii_F2","RNA","leaf","field harvest","Juenger","eQTL","H035",197,"FH269",156,50,7.8,7.7,0.178,8.01,"PASS",1,197,"FH269","F2",1,"Dry","A",87,"H035.1","H035.2",6,34.5,"12:45",3,0.79,"FH269_H035_197"
"FH047_G952_809",145,145,153,"P_hallii_F2","RNA","leaf","field harvest","Juenger","eQTL","G952",809,"FH047",181,50,9.05,8.7,0.277,12.465,"PASS",1,809,"FH047","F2",1,"Dry","A",5,"G952.1","G952.2",4.5,22.5,"11:03",8,0.83,"FH047_G952_809"
"FH073_H096.1_321",74,74,82,"P_hallii_F2","RNA","leaf","field harvest","Juenger","eQTL","H096.1",321,"FH073",188,50,9.4,9.4,0.2065,9.2925,"PASS",1,321,"FH073","F2",1,"Dry","B",46,"H096.1","H096.2",9.5,34,"12:04",NA,NA,"FH073_H096.1_321"
"FH157_H052_814",119,119,127,"P_hallii_F2","RNA","leaf","field harvest","Juenger","eQTL","H052",814,"FH157",92,50,4.6,8.9,0.141,6.345,"PASS",1,814,"FH157","F2",1,"Dry","B",2,"H052.1","H052.2",7.5,NA,"11:01",7,0.82,"FH157_H052_814"
"FH206_H038_334",31,31,39,"P_hallii_F2","RNA","leaf","field harvest","Juenger","eQTL","H038",334,"FH206",113,50,5.65,9,0.097,4.365,"PASS",1,334,"FH206","F2",1,"Dry","A",90,"H038.1","H038.2",8,27,"12:49",NA,NA,"FH206_H038_334"
"FH267_H065_669",111,111,119,"P_hallii_F2","RNA","leaf","field harvest","Juenger","eQTL","H065",669,"FH267",137,50,6.85,9.3,0.2,9,"PASS",1,669,"FH267","F2",1,"Dry","B",15,"H065.1","H065.2",7.5,26,"11:21",NA,NA,"FH267_H065_669"
"FH034_H138_653",102,102,110,"P_hallii_F2","RNA","leaf","field harvest","Juenger","eQTL","H138",653,"FH034",140,50,7,8.9,0.2415,10.8675,"PASS",1,653,"FH034","F2",1,"Dry","B",88,"H138.1","H138.2",5,35,"13:10",NA,NA,"FH034_H138_653"
"FH308_H094.1_35",73,73,81,"P_hallii_F2","RNA","leaf","field harvest","Juenger","eQTL","H094.1",35,"FH308",47,50,2.35,9.5,0.071,3.195,"FAIL",NA,35,"FH308","F2",1,"Dry","B",44,"H094.1","H094.2",35,50,"12:02",NA,NA,"FH308_H094.1_35"
"FH421_G983_713",60,60,68,"P_hallii_F2","RNA","leaf","field harvest","Juenger","eQTL","G983",713,"FH421",51,50,2.55,9.4,0.074,3.33,"FAIL",NA,713,"FH421","F2",1,"Dry","A",36,"G983.1","G983.2",6,23,"11:47",NA,NA,"FH421_G983_713"
"FH055_H124_829",185,185,193,"P_hallii_F2","RNA","leaf","field harvest","Juenger","eQTL","H124",829,"FH055",NA,50,0,8.7,0.215,9.675,"PASS",3,829,"FH055","F2",1,"Dry","B",74,"H124.1","H124.2",17,33.5,"12:51",3,0.79,"FH055_H124_829"
"FH360_H048_160",56,56,64,"P_hallii_F2","RNA","leaf","field harvest","Juenger","eQTL","H048",160,"FH360",160,50,8,9,0.25,11.25,"PASS",3,160,"FH360","F2",1,"Dry","A",100,"H048.1","H048.2",5.5,27,"12:58",NA,NA,"FH360_H048_160"
"FH160_H041.1_30",70,70,78,"P_hallii_F2","RNA","leaf","field harvest","Juenger","eQTL","H041.1",30,"FH160",149,50,7.45,9.9,0.1935,8.7075,"PASS",3,30,"FH160","F2",1,"Dry","A",93,"H041.1","H041.2",30.5,50,"12:52",4,0.8,"FH160_H041.1_30"
"FH288_G960_618",38,38,46,"P_hallii_F2","RNA","leaf","field harvest","Juenger","eQTL","G960",618,"FH288",172,50,8.6,8.9,0.231,10.395,"PASS",3,618,"FH288","F2",1,"Dry","A",13,"G960.1","G960.2",11,42.5,"11:17",NA,NA,"FH288_G960_618"
"FH084_G998_673",148,148,156,"P_hallii_F2","RNA","leaf","field harvest","Juenger","eQTL","G998",673,"FH084",91,50,4.55,9.1,0.134,6.03,"PASS",3,673,"FH084","F2",1,"Dry","A",51,"G998.1","G998.2",7.5,23.5,"12:04",NA,NA,"FH084_G998_673"
"FH126_H142_360",172,172,180,"P_hallii_F2","RNA","leaf","field harvest","Juenger","eQTL","H142",360,"FH126",NA,50,0,9.6,0.239,10.755,"PASS",3,360,"FH126","F2",1,"Dry","B",92,"H142.1","H142.2",5,29.5,"13:15",3,0.8,"FH126_H142_360"
"FH247_H026_717",374,374,382,"P_hallii_F2","RNA","leaf","field harvest","Juenger","eQTL","H026",717,"FH247",114,50,5.7,8.9,0.1475,6.6375,"PASS",3,717,"FH247","F2",1,"Dry","A",78,"H026.1","H026.2",6.5,25,"12:37",NA,NA,"FH247_H026_717"
"FH184_H109_418",162,162,170,"P_hallii_F2","RNA","leaf","field harvest","Juenger","eQTL","H109",418,"FH184",NA,50,0,8.8,0.238,10.71,"PASS",3,418,"FH184","F2",1,"Dry","B",59,"H109.1","H109.2",14.5,38.5,"12:28",NA,NA,"FH184_H109_418"
"FH036_H087_195",57,57,65,"P_hallii_F2","RNA","leaf","field harvest","Juenger","eQTL","H087",195,"FH036",115,50,5.75,9.5,0.183,8.235,"PASS",2,195,"FH036","F2",1,"Dry","B",37,"H087.1","H087.2",9,25,"11:54",NA,NA,"FH036_H087_195"
"FH021_H118_883",182,182,190,"P_hallii_F2","RNA","leaf","field harvest","Juenger","eQTL","H118",883,"FH021",NA,50,0,9.4,0.0985,4.4325,"PASS",2,883,"FH021","F2",1,"Dry","B",68,"H118.1","H118.2",18,29.5,"12:42",NA,NA,"FH021_H118_883"
"FH456_G966_992",368,368,376,"P_hallii_F2","RNA","leaf","field harvest","Juenger","eQTL","G966",992,"FH456",130,50,6.5,9.5,0.1635,7.3575,"PASS",2,992,"FH456","F2",1,"Dry","A",19,"G966.1","G966.2",23.5,50,"11:24",3,0.79,"FH456_G966_992"
"FH335_H127_747",173,173,181,"P_hallii_F2","RNA","leaf","field harvest","Juenger","eQTL","H127",747,"FH335",NA,50,0,7.7,0.124,5.58,"PASS",2,747,"FH335","F2",1,"Dry","B",77,"H127.1","H127.2",5,30.5,"12:55",NA,NA,"FH335_H127_747"
"FH418_H111_822",181,181,189,"P_hallii_F2","RNA","leaf","field harvest","Juenger","eQTL","H111",822,"FH418",NA,50,0,9.6,0.124,5.58,"PASS",2,822,"FH418","F2",1,"Dry","B",61,"H111.1","H111.2",4,25.5,"12:30",NA,NA,"FH418_H111_822"
"FH202_H115_806",112,112,120,"P_hallii_F2","RNA","leaf","field harvest","Juenger","eQTL","H115",806,"FH202",87,50,4.35,9.2,0.1265,5.6925,"PASS",2,806,"FH202","F2",1,"Dry","B",65,"H115.1","H115.2",4,23,"12:38",NA,NA,"FH202_H115_806"
"FH253_G982_191",146,146,154,"P_hallii_F2","RNA","leaf","field harvest","Juenger","eQTL","G982",191,"FH253",265,50,13.25,9.1,0.3975,17.8875,"PASS",2,191,"FH253","F2",1,"Dry","A",35,"G982.1","G982.2",16,38,"11:45",NA,NA,"FH253_G982_191"
"FH101_H088_85",230,230,238,"P_hallii_F2","RNA","leaf","field harvest","Juenger","eQTL","H088",85,"FH101",NA,50,0,8.7,0.1015,4.5675,"PASS",2,85,"FH101","F2",1,"Dry","B",38,"H088.1","H088.2",4.5,28,"11:55",NA,NA,"FH101_H088_85"
"FH430_H084_452",53,53,61,"P_hallii_F2","RNA","leaf","field harvest","Juenger","eQTL","H084",452,"FH430",67,50,3.35,9,0.1035,4.6575,"PASS",2,452,"FH430","F2",1,"Dry","B",34,"H084.1","H084.2",12,23,"11:50",7,0.83,"FH430_H084_452"
"FH039_H137_575",192,192,200,"P_hallii_F2","RNA","leaf","field harvest","Juenger","eQTL","H137",575,"FH039",NA,50,0,8.5,0.0715,3.2175,"FAIL",NA,575,"FH039","F2",1,"Dry","B",87,"H137.1","H137.2",24,32.5,"13:10",9,0.84,"FH039_H137_575"
"FH012_H063_136",64,64,72,"P_hallii_F2","RNA","leaf","field harvest","Juenger","eQTL","H063",136,"FH012",45,50,2.25,9,0.0655,2.9475,"FAIL",NA,136,"FH012","F2",1,"Dry","B",13,"H063.1","H063.2",26.5,38,"11:18",6,0.82,"FH012_H063_136"
"FH314_H056_791",160,160,168,"P_hallii_F2","RNA","leaf","field harvest","Juenger","eQTL","H056",791,"FH314",NA,50,0,8.4,0.408,18.36,"PASS",2,791,"FH314","F2",1,"Dry","B",6,"H056.1","H056.2",14,34,"11:06",3,0.8,"FH314_H056_791"
"FH459_H061.1_326",72,72,80,"P_hallii_F2","RNA","leaf","field harvest","Juenger","eQTL","H061.1",326,"FH459",265,50,13.25,9.1,0.343,15.435,"PASS",2,326,"FH459","F2",1,"Dry","B",11,"H061.1","H061.2",6.5,29.5,"11:15",4,0.8,"FH459_H061.1_326"
"FH204_H132_329",191,191,199,"P_hallii_F2","RNA","leaf","field harvest","Juenger","eQTL","H132",329,"FH204",NA,50,0,8.8,0.339,15.255,"PASS",2,329,"FH204","F2",1,"Dry","B",82,"H132.1","H132.2",4.5,34.5,"13:03",NA,NA,"FH204_H132_329"
"FH148_H004_484",150,150,158,"P_hallii_F2","RNA","leaf","field harvest","Juenger","eQTL","H004",484,"FH148",47,50,2.35,8.9,0.068,3.06,"FAIL",NA,484,"FH148","F2",1,"Dry","A",56,"H004.1","H004.2",27,37,"12:12",NA,NA,"FH148_H004_484"
"FH259_H036_343",233,233,241,"P_hallii_F2","RNA","leaf","field harvest","Juenger","eQTL","H036",343,"FH259",NA,50,0,9,0.097,4.365,"PASS",2,343,"FH259","F2",1,"Dry","A",88,"H036.1","H036.2",16,38.5,"12:47",NA,NA,"FH259_H036_343"
"FH074_H011_302",348,348,356,"P_hallii_F2","RNA","leaf","field harvest","Juenger","eQTL","H011",302,"FH074",156,50,7.8,8,0.188,8.46,"PASS",2,302,"FH074","F2",1,"Dry","A",63,"H011.1","H011.2",5,24,"12:19",5,0.81,"FH074_H011_302"
"FH431_H149_784",177,177,185,"P_hallii_F2","RNA","leaf","field harvest","Juenger","eQTL","H149",784,"FH431",NA,50,0,8.9,0.0615,2.7675,"FAIL",2,784,"FH431","F2",1,"Dry","B",99,"H149.1","H149.2",18,50,"13:25",3,0.79,"FH431_H149_784"
"FH041_H015_381",55,55,63,"P_hallii_F2","RNA","leaf","field harvest","Juenger","eQTL","H015",381,"FH041",50,50,2.5,9.1,0.0735,3.3075,"FAIL",NA,381,"FH041","F2",1,"Dry","A",67,"H015.1","H015.2",11.5,32,"12:24",NA,NA,"FH041_H015_381"
"FH014_H070_891",154,154,162,"P_hallii_F2","RNA","leaf","field harvest","Juenger","eQTL","H070",891,"FH014",242,50,12.1,7.5,0.334,15.03,"PASS",2,891,"FH014","F2",1,"Dry","B",20,"H070.1","H070.2",27.5,34.5,"11:26",NA,NA,"FH014_H070_891"
"FH471_H099_26",316,316,324,"P_hallii_F2","RNA","leaf","field harvest","Juenger","eQTL","H099",26,"FH471",68,50,3.4,9.8,0.094,4.23,"PASS",2,26,"FH471","F2",1,"Dry","B",49,"H099.1","H099.2",37,39.5,"12:10",NA,NA,"FH471_H099_26"
"FH207_G995_217",144,144,152,"P_hallii_F2","RNA","leaf","field harvest","Juenger","eQTL","G995",217,"FH207",164,50,8.2,8.9,0.227,10.215,"PASS",2,217,"FH207","F2",1,"Dry","A",48,"G995.1","G995.2",7.5,33.5,"12:00",NA,NA,"FH207_G995_217"
"FH195_H029_90",330,330,338,"P_hallii_F2","RNA","leaf","field harvest","Juenger","eQTL","H029",90,"FH195",197,50,9.8,8.8,0.258,11.61,"PASS",2,90,"FH195","F2",1,"Dry","A",81,"H029.1","H029.2",5,26.5,"12:39",7,0.82,"FH195_H029_90"
"FH228_H055_242",113,113,121,"P_hallii_F2","RNA","leaf","field harvest","Juenger","eQTL","H055",242,"FH228",259,50,12.95,9.2,0.389,17.505,"PASS",4,242,"FH228","F2",1,"Dry","B",5,"H055.1","H055.2",21,23.5,"11:05",NA,NA,"FH228_H055_242"
"FH093_H002_75",123,123,131,"P_hallii_F2","RNA","leaf","field harvest","Juenger","eQTL","H002",75,"FH093",134,50,6.7,8.2,0.1995,8.9775,"PASS",4,75,"FH093","F2",1,"Dry","A",54,"H002.1","H002.2",6.5,25,"12:09",5,0.81,"FH093_H002_75"
"FH400_G977_979",163,163,171,"P_hallii_F2","RNA","leaf","field harvest","Juenger","eQTL","G977",979,"FH400",NA,50,0,8.7,0.262,11.79,"PASS",4,979,"FH400","F2",1,"Dry","A",30,"G977.1","G977.2",13,50,"11:38",8,0.83,"FH400_G977_979"
"FH264_H069_294",244,244,252,"P_hallii_F2","RNA","leaf","field harvest","Juenger","eQTL","H069",294,"FH264",NA,50,NA,9.4,0.323,14.535,"PASS",4,294,"FH264","F2",1,"Dry","B",19,"H069.1","H069.2",2.5,23,"11:25",NA,NA,"FH264_H069_294"
"FH016_G991_108",157,157,165,"P_hallii_F2","RNA","leaf","field harvest","Juenger","eQTL","G991",108,"FH016",136,50,6.8,8.8,0.223,10.035,"PASS",4,108,"FH016","F2",1,"Dry","A",44,"G991.1","G991.2",10.5,32,"11:55",NA,NA,"FH016_G991_108"
"FH236_H050_377",232,232,240,"P_hallii_F2","RNA","leaf","field harvest","Juenger","eQTL","H050",377,"FH236",NA,50,0,8.8,0.241,10.845,"PASS",4,377,"FH236","F2",1,"Dry","A",102,"H050.1","H050.2",27.5,48.5,"13:00",3,0.79,"FH236_H050_377"
"FH111_H023_310",174,174,182,"P_hallii_F2","RNA","leaf","field harvest","Juenger","eQTL","H023",310,"FH111",NA,50,0,7.6,0.352,15.84,"PASS",4,310,"FH111","F2",1,"Dry","A",75,"H023.1","H023.2",32,47.5,"12:33",NA,NA,"FH111_H023_310"
"FH443_H093_845",130,130,138,"P_hallii_F2","RNA","leaf","field harvest","Juenger","eQTL","H093",845,"FH443",117,50,5.85,8.9,0.1825,8.2125,"PASS",4,845,"FH443","F2",1,"Dry","B",43,"H093.1","H093.2",14,36,"12:01",NA,NA,"FH443_H093_845"
"FH172_H010_246",104,104,112,"P_hallii_F2","RNA","leaf","field harvest","Juenger","eQTL","H010",246,"FH172",232,50,11.6,7.3,0.257,11.565,"PASS",4,246,"FH172","F2",1,"Dry","A",62,"H010.1","H010.2",27,43.5,"12:18",NA,NA,"FH172_H010_246"
"FH363_H139_945",179,179,187,"P_hallii_F2","RNA","leaf","field harvest","Juenger","eQTL","H139",945,"FH363",NA,50,0,8.8,0.1095,4.9275,"PASS",4,945,"FH363","F2",1,"Dry","B",89,"H139.1","H139.2",30.5,50,"13:11",NA,NA,"FH363_H139_945"
"FH018_H135_307",195,195,203,"P_hallii_F2","RNA","leaf","field harvest","Juenger","eQTL","H135",307,"FH018",NA,50,0,9.4,0.2115,9.5175,"PASS",4,307,"FH018","F2",1,"Dry","B",85,"H135.1","H135.2",3.5,23.5,"13:06",NA,NA,"FH018_H135_307"
"FH095_H077_840",165,165,173,"P_hallii_F2","RNA","leaf","field harvest","Juenger","eQTL","H077",840,"FH095",NA,50,0,9.1,0.177,7.965,"PASS",4,840,"FH095","F2",1,"Dry","B",27,"H077.1","H077.2",11,50,"11:37",NA,NA,"FH095_H077_840"
"FH266_G994_684",136,136,144,"P_hallii_F2","RNA","leaf","field harvest","Juenger","eQTL","G994",684,"FH266",312,50,15.6,8.8,0.446,20.07,"PASS",4,684,"FH266","F2",1,"Dry","A",47,"G994.1","G994.2",4,25.5,"11:59",NA,NA,"FH266_G994_684"
"FH153_H051_94",168,168,176,"P_hallii_F2","RNA","leaf","field harvest","Juenger","eQTL","H051",94,"FH153",NA,50,0,8.9,0.139,6.255,"PASS",4,94,"FH153","F2",1,"Dry","B",1,"H051.1","H051.2",5,27,"10:59",NA,NA,"FH153_H051_94"
"FH245_H136_740",131,131,139,"P_hallii_F2","RNA","leaf","field harvest","Juenger","eQTL","H136",740,"FH245",99,50,4.95,10,0.14,6.3,"PASS",4,740,"FH245","F2",1,"Dry","B",86,"H136.1","H136.2",6.5,23,"13:08",4,0.8,"FH245_H136_740"
"FH023_H117_461",107,107,115,"P_hallii_F2","RNA","leaf","field harvest","Juenger","eQTL","H117",461,"FH023",21,50,1.05,7.9,0.0175,0.7875,"FAIL",NA,461,"FH023","F2",1,"Dry","B",67,"H117.1","H117.2",35,36,"12:40",3,0.8,"FH023_H117_461"
"FH096_H113.1_354",77,77,85,"P_hallii_F2","RNA","leaf","field harvest","Juenger","eQTL","H113.1",354,"FH096",83,50,4.168,8.1,0.094,4.23,"PASS",4,354,"FH096","F2",1,"Dry","B",63,"H113.1","H113.2",6.5,35,"12:34",NA,NA,"FH096_H113.1_354"
"FH427_G963_167",50,50,58,"P_hallii_F2","RNA","leaf","field harvest","Juenger","eQTL","G963",167,"FH427",140,50,7,9.1,0.193,8.685,"PASS",4,167,"FH427","F2",1,"Dry","A",16,"G963.1","G963.2",7,32.5,"11:20",NA,NA,"FH427_G963_167"
"FH429_H060_510",313,313,321,"P_hallii_F2","RNA","leaf","field harvest","Juenger","eQTL","H060",510,"FH429",75,50,3.7,9.1,0.1045,4.7025,"PASS",4,510,"FH429","F2",1,"Dry","B",10,"H060.1","H060.2",3,21.5,"11:13",NA,NA,"FH429_H060_510"
"FH391_H013_175",325,325,333,"P_hallii_F2","RNA","leaf","field harvest","Juenger","eQTL","H013",175,"FH391",113,50,5.6,9.1,0.138,6.21,"PASS",4,175,"FH391","F2",1,"Dry","A",65,"H013.1","H013.2",29,50,"12:22",NA,NA,"FH391_H013_175"
"FH035_H018_459",343,343,351,"P_hallii_F2","RNA","leaf","field harvest","Juenger","eQTL","H018",459,"FH035",96,50,4.8,6.1,0.1315,5.9175,"PASS",4,459,"FH035","F2",1,"Dry","A",70,"H018.1","H018.2",5,25,"12:27",NA,NA,"FH035_H018_459"
"FH342_H104.1_893",75,75,83,"P_hallii_F2","RNA","leaf","field harvest","Juenger","eQTL","H104.1",893,"FH342",169,50,8.4585,8.7,0.2045,9.2025,"PASS",4,893,"FH342","F2",1,"Dry","B",54,"H104.1","H104.2",5,27,"12:20",5,0.81,"FH342_H104.1_893"
"FH300_G992_598",354,354,362,"P_hallii_F2","RNA","leaf","field harvest","Juenger","eQTL","G992",598,"FH300",71,50,3.5,10,0.096,4.32,"PASS",4,598,"FH300","F2",1,"Dry","A",45,"G992.1","G992.2",5.5,24.5,"11:57",9,0.84,"FH300_G992_598"
"FH103_H110_396",40,40,48,"P_hallii_F2","RNA","leaf","field harvest","Juenger","eQTL","H110",396,"FH103",65,50,3.25,0,0.0835,3.7575,"FAIL",NA,396,"FH103","F2",1,"Dry","B",60,"H110.1","H110.2",4.5,27.5,"12:29",5,0.81,"FH103_H110_396"
"FH458_G954_276",323,323,331,"P_hallii_F2","RNA","leaf","field harvest","Juenger","eQTL","G954",276,"FH458",96,50,4.8,9.6,0.109,4.905,"PASS",4,276,"FH458","F2",1,"Dry","A",7,"G954.1","G954.2",5.5,50,"11:07",NA,NA,"FH458_G954_276"
"FH190_H047_654",315,315,323,"P_hallii_F2","RNA","leaf","field harvest","Juenger","eQTL","H047",654,"FH190",136,50,6.8,9.9,0.159,7.155,"PASS",4,654,"FH190","F2",1,"Dry","A",99,"H047.1","H047.2",4.5,19.5,"12:57",4,0.8,"FH190_H047_654"
"FH104_H067_648",49,49,57,"P_hallii_F2","RNA","leaf","field harvest","Juenger","eQTL","H067",648,"FH104",111,50,5.55,8.8,0.186,8.37,"PASS",4,648,"FH104","F2",1,"Dry","B",17,"H067.1","H067.2",4.5,24,"11:23",3,0.8,"FH104_H067_648"
"FH432_G955_767",373,373,381,"P_hallii_F2","RNA","leaf","field harvest","Juenger","eQTL","G955",767,"FH432",189,50,9.4,9.2,0.244,10.98,"PASS",4,767,"FH432","F2",1,"Dry","A",8,"G955.1","G955.2",17.5,50,"11:10",NA,NA,"FH432_G955_767"
"FH296_H108_915",170,170,178,"P_hallii_F2","RNA","leaf","field harvest","Juenger","eQTL","H108",915,"FH296",NA,50,0,9.4,0.125,5.625,"PASS",4,915,"FH296","F2",1,"Dry","B",58,"H108.1","H108.2",17,22,"12:26",NA,NA,"FH296_H108_915"
"FH090_G984_106",372,372,380,"P_hallii_F2","RNA","leaf","field harvest","Juenger","eQTL","G984",106,"FH090",94,50,4.7,9.2,0.1355,6.0975,"PASS",4,106,"FH090","F2",1,"Dry","A",37,"G984.1","G984.2",13.5,29,"11:48",NA,NA,"FH090_G984_106"
"FH392_H130_670",245,245,253,"P_hallii_F2","RNA","leaf","field harvest","Juenger","eQTL","H130",670,"FH392",228,50,11.4,9,0.223,10.035,"PASS",4,670,"FH392","F2",1,"Dry","B",80,"H130.1","H130.2",12.5,30.5,"12:59",9,0.84,"FH392_H130_670"
"FH482_H123_446",176,176,184,"P_hallii_F2","RNA","leaf","field harvest","Juenger","eQTL","H123",446,"FH482",NA,50,0,9.3,0.0775,3.4875,"FAIL",NA,446,"FH482","F2",1,"Dry","B",73,"H123.1","H123.2",4.5,21,"12:49",5,0.81,"FH482_H123_446"
"FH346_H105_705",326,326,334,"P_hallii_F2","RNA","leaf","field harvest","Juenger","eQTL","H105",705,"FH346",163,50,8.1,9.7,0.1905,8.5725,"PASS",3,705,"FH346","F2",1,"Dry","B",55,"H105.1","H105.2",6.5,24.5,"12:21",3,0.79,"FH346_H105_705"
"FH068_G961_540",159,159,167,"P_hallii_F2","RNA","leaf","field harvest","Juenger","eQTL","G961",540,"FH068",NA,50,0,9.1,0.0705,3.1725,"FAIL",NA,540,"FH068","F2",1,"Dry","A",14,"G961.1","G961.2",2,22,"11:18",NA,NA,"FH068_G961_540"
"FH303_H073_473",61,61,69,"P_hallii_F2","RNA","leaf","field harvest","Juenger","eQTL","H073",473,"FH303",111,50,5.55,8.4,0.187,8.415,"PASS",3,473,"FH303","F2",1,"Dry","B",23,"H073.1","H073.2",4,26.5,"11:31",5,0.81,"FH303_H073_473"
"FH032_H039_860",183,183,191,"P_hallii_F2","RNA","leaf","field harvest","Juenger","eQTL","H039",860,"FH032",NA,50,0,9,0.242,10.89,"PASS",3,860,"FH032","F2",1,"Dry","A",91,"H039.1","H039.2",33,50,"12:50",NA,NA,"FH032_H039_860"
"FH383_G990_292",99,99,107,"P_hallii_F2","RNA","leaf","field harvest","Juenger","eQTL","G990",292,"FH383",254,50,12.7,8.4,0.41,18.45,"PASS",3,292,"FH383","F2",1,"Dry","A",43,"G990.1","G990.2",5.5,25.5,"11:54",4,0.8,"FH383_G990_292"
"FH441_H147_57",47,47,55,"P_hallii_F2","RNA","leaf","field harvest","Juenger","eQTL","H147",57,"FH441",77,50,3.85,9.1,0.0965,4.3425,"PASS",3,57,"FH441","F2",1,"Dry","B",97,"H147.1","H147.2",13.5,30.5,"13:22",NA,NA,"FH441_H147_57"
"FH219_G985_458",370,370,378,"P_hallii_F2","RNA","leaf","field harvest","Juenger","eQTL","G985",458,"FH219",179,50,8.9,9.1,0.226,10.17,"PASS",3,458,"FH219","F2",1,"Dry","A",38,"G985.1","G985.2",8,49,"11:49",6,0.82,"FH219_G985_458"
"FH494_H031_238",180,180,188,"P_hallii_F2","RNA","leaf","field harvest","Juenger","eQTL","H031",238,"FH494",NA,50,0,9,0.277,12.465,"PASS",3,238,"FH494","F2",1,"Dry","A",83,"H031.1","H031.2",6.5,27,"12:42",NA,NA,"FH494_H031_238"
"FH385_G978_934",366,366,374,"P_hallii_F2","RNA","leaf","field harvest","Juenger","eQTL","G978",934,"FH385",94,50,4.7,9.8,0.0985,4.4325,"PASS",3,934,"FH385","F2",1,"Dry","A",31,"G978.1","G978.2",31,50,"11:40",7,0.82,"FH385_G978_934"
"FH354_H125_664",193,193,201,"P_hallii_F2","RNA","leaf","field harvest","Juenger","eQTL","H125",664,"FH354",NA,50,0,8.6,0.251,11.295,"PASS",3,664,"FH354","F2",1,"Dry","B",75,"H125.1","H125.2",4,26.5,"12:52",NA,NA,"FH354_H125_664"
"FH413_H081_47",108,108,116,"P_hallii_F2","RNA","leaf","field harvest","Juenger","eQTL","H081",47,"FH413",200,50,10,9.9,0.1655,7.4475,"PASS",3,47,"FH413","F2",1,"Dry","B",31,"H081.1","H081.2",19.5,35.5,"11:44",NA,NA,"FH413_H081_47"
"FH033_H095_309",44,44,52,"P_hallii_F2","RNA","leaf","field harvest","Juenger","eQTL","H095",309,"FH033",125,50,6.25,8.5,0.1695,7.6275,"PASS",3,309,"FH033","F2",1,"Dry","B",45,"H095.1","H095.2",19.5,38,"12:03",4,0.8,"FH033_H095_309"
"FH151_G953.1_315",65,65,73,"P_hallii_F2","RNA","leaf","field harvest","Juenger","eQTL","G953.1",315,"FH151",251,50,12.54,8.3,0.273,12.285,"PASS",3,315,"FH151","F2",1,"Dry","A",6,"G953.1","G953.2",32,50,"11:06",4,0.8,"FH151_G953.1_315"
"FH029_G958_401",336,336,344,"P_hallii_F2","RNA","leaf","field harvest","Juenger","eQTL","G958",401,"FH029",84,50,4.2,9.4,0.1185,5.3325,"PASS",3,401,"FH029","F2",1,"Dry","A",11,"G958.1","G958.2",6,28,"11:14",NA,NA,"FH029_G958_401"
"FH262_H091_290",320,320,328,"P_hallii_F2","RNA","leaf","field harvest","Juenger","eQTL","H091",290,"FH262",67,50,3.3,9.8,0.0975,4.3875,"PASS",3,290,"FH262","F2",1,"Dry","B",41,"H091.1","H091.2",19,32.5,"11:59",NA,NA,"FH262_H091_290"
"FH448_H003_704",137,137,145,"P_hallii_F2","RNA","leaf","field harvest","Juenger","eQTL","H003",704,"FH448",150,50,7.5,8.9,0.23,10.35,"PASS",3,704,"FH448","F2",1,"Dry","A",55,"H003.1","H003.2",5,24,"12:10",NA,NA,"FH448_H003_704"
"FH224_H076_173",355,355,363,"P_hallii_F2","RNA","leaf","field harvest","Juenger","eQTL","H076",173,"FH224",70,50,3.5,9.9,0.1025,4.6125,"PASS",3,173,"FH224","F2",1,"Dry","B",26,"H076.1","H076.2",12.5,35,"11:36",7,0.82,"FH224_H076_173"
"FH312_H053_823",132,132,140,"P_hallii_F2","RNA","leaf","field harvest","Juenger","eQTL","H053",823,"FH312",191,50,9.55,8.2,0.2845,12.8025,"PASS",3,823,"FH312","F2",1,"Dry","B",3,"H053.1","H053.2",5,21,"11:02",5,0.81,"FH312_H053_823"
"FH417_H143_699",167,167,175,"P_hallii_F2","RNA","leaf","field harvest","Juenger","eQTL","H143",699,"FH417",NA,50,0,9.2,0.1675,7.5375,"PASS",3,699,"FH417","F2",1,"Dry","B",93,"H143.1","H143.2",35,28.5,"13:16",4,0.8,"FH417_H143_699"
"FH155_G951_541",141,141,149,"P_hallii_F2","RNA","leaf","field harvest","Juenger","eQTL","G951",541,"FH155",43,50,2.15,7.7,0.058,2.61,"FAIL",NA,541,"FH155","F2",1,"Dry","A",4,"G951.1","G951.2",2,23,"11:02",6,0.82,"FH155_G951_541"
"FH285_G989_155",340,340,348,"P_hallii_F2","RNA","leaf","field harvest","Juenger","eQTL","G989",155,"FH285",69,50,3.4,9.6,0.105,4.725,"PASS",3,155,"FH285","F2",1,"Dry","A",42,"G989.1","G989.2",5.5,32.5,"11:54",7,0.82,"FH285_G989_155"
"FH450_H054_798",169,169,177,"P_hallii_F2","RNA","leaf","field harvest","Juenger","eQTL","H054",798,"FH450",64,50,3.2,8.2,0.0605,2.7225,"FAIL",NA,798,"FH450","F2",1,"Dry","B",4,"H054.1","H054.2",11,28.5,"11:03",NA,NA,"FH450_H054_798"
"FH316_H102_322",194,194,202,"P_hallii_F2","RNA","leaf","field harvest","Juenger","eQTL","H102",322,"FH316",NA,50,0,9.7,0.145,6.525,"PASS",2,322,"FH316","F2",1,"Dry","B",52,"H102.1","H102.2",26,45,"12:16",NA,NA,"FH316_H102_322"
"FH001_G980_111",371,371,379,"P_hallii_F2","RNA","leaf","field harvest","Juenger","eQTL","G980",111,"FH001",96,50,4.8,9.9,0.1255,5.6475,"PASS",2,111,"FH001","F2",1,"Dry","A",33,"G980.1","G980.2",8.5,28.5,"11:42",NA,NA,"FH001_G980_111"
"FH234_H028_595",158,158,166,"P_hallii_F2","RNA","leaf","field harvest","Juenger","eQTL","H028",595,"FH234",43,50,2.15,8.8,0.057,2.565,"FAIL",NA,595,"FH234","F2",1,"Dry","A",80,"H028.1","H028.2",14,36,"12:39",4,0.8,"FH234_H028_595"
"FH446_H086_736",30,30,38,"P_hallii_F2","RNA","leaf","field harvest","Juenger","eQTL","H086",736,"FH446",42,50,2.1,9.1,0.059,2.655,"FAIL",2,736,"FH446","F2",1,"Dry","B",36,"H086.1","H086.2",5,19,"11:52",NA,NA,"FH446_H086_736"
"FH197_H116_433",129,129,137,"P_hallii_F2","RNA","leaf","field harvest","Juenger","eQTL","H116",433,"FH197",138,50,6.9,8.9,0.2035,9.1575,"PASS",2,433,"FH197","F2",1,"Dry","B",66,"H116.1","H116.2",19,29.5,"12:39",NA,NA,"FH197_H116_433"
"FH123_H025.1_395",69,69,77,"P_hallii_F2","RNA","leaf","field harvest","Juenger","eQTL","H025.1",395,"FH123",60,50,3,0,0.0985,4.4325,"FAIL",NA,395,"FH123","F2",1,"Dry","A",77,"H025.1","H025.2",10.5,26,"12:36",NA,NA,"FH123_H025.1_395"
"FH378_H012_192",153,153,161,"P_hallii_F2","RNA","leaf","field harvest","Juenger","eQTL","H012",192,"FH378",66,50,3.3,8.7,0.105,4.725,"PASS",2,192,"FH378","F2",1,"Dry","A",64,"H012.1","H012.2",14,38.5,"12:21",2,0.78,"FH378_H012_192"
"FH066_H150_407",117,117,125,"P_hallii_F2","RNA","leaf","field harvest","Juenger","eQTL","H150",407,"FH066",79,50,3.95,8.8,0.1235,5.5575,"PASS",2,407,"FH066","F2",1,"Dry","B",100,"H150.1","H150.2",8.5,26.5,"13:26",NA,NA,"FH066_H150_407"
"FH464_H264.1_171",83,83,91,"P_hallii_F2","RNA","leaf","field harvest","Juenger","eQTL","H264.1",171,"FH464",242,50,12.093,8.5,0.26,11.7,"PASS",1,171,"FH464","F2",2,"Wet","B",10,"H264.1","H264.2",4,11.5,"11:11",8,0.83,"FH464_H264.1_171"
"FH179_H164_768",283,283,291,"P_hallii_F2","RNA","leaf","field harvest","Juenger","eQTL","H164",768,"FH179",123,50,6.1,8.7,0.1755,7.8975,"PASS",1,768,"FH179","F2",2,"Wet","A",12,"H164.1","H164.2",6.5,16.5,"11:20",NA,NA,"FH179_H164_768"
"FH470_H232_911",25,25,33,"P_hallii_F2","RNA","leaf","field harvest","Juenger","eQTL","H232",911,"FH470",25,50,1.25,9,0.0335,1.5075,"FAIL",NA,911,"FH470","F2",2,"Wet","A",80,"H232.1","H232.2",3,20.5,"12:57",20,0.92,"FH470_H232_911"
"FH182_H353_282",275,275,283,"P_hallii_F2","RNA","leaf","field harvest","Juenger","eQTL","H353",282,"FH182",178,50,8.6,9.2,0.206,9.27,"PASS",1,282,"FH182","F2",2,"Wet","B",99,"H353.1","H353.2",3.5,18.5,"13:16",NA,NA,"FH182_H353_282"
"FH040_H197_830",197,197,205,"P_hallii_F2","RNA","leaf","field harvest","Juenger","eQTL","H197",830,"FH040",NA,50,0,9.4,0.099,4.455,"PASS",1,830,"FH040","F2",2,"Wet","A",45,"H197.1","H197.2",6.5,15.5,"12:02",19,0.91,"FH040_H197_830"
"FH019_H165_162",243,243,251,"P_hallii_F2","RNA","leaf","field harvest","Juenger","eQTL","H165",162,"FH019",NA,50,NA,8.8,0.117,5.265,"PASS",1,162,"FH019","F2",2,"Wet","A",13,"H165.1","H165.2",2.5,13.5,"11:21",9,0.84,"FH019_H165_162"
"FH291_H212_259",328,328,336,"P_hallii_F2","RNA","leaf","field harvest","Juenger","eQTL","H212",259,"FH291",272,50,13.6,8.9,0.3695,16.6275,"PASS",1,259,"FH291","F2",2,"Wet","A",60,"H212.1","H212.2",4.5,7.5,"12:32",NA,NA,"FH291_H212_259"
"FH188_H306_404",219,219,227,"P_hallii_F2","RNA","leaf","field harvest","Juenger","eQTL","H306",404,"FH188",NA,50,0,9.6,0.0505,2.2725,"FAIL",NA,404,"FH188","F2",2,"Wet","B",52,"H306.1","H306.2",4.5,15.5,"12:06",NA,NA,"FH188_H306_404"
"FH058_H310_591",254,254,262,"P_hallii_F2","RNA","leaf","field harvest","Juenger","eQTL","H310",591,"FH058",81,50,4,8.9,0.082,3.69,"PASS",1,591,"FH058","F2",2,"Wet","B",56,"H310.1","H310.2",3,12,"12:09",NA,NA,"FH058_H310_591"
"FH217_H176_796",97,97,105,"P_hallii_F2","RNA","leaf","field harvest","Juenger","eQTL","H176",796,"FH217",135,50,6.75,9.2,0.1965,8.8425,"PASS",1,796,"FH217","F2",2,"Wet","A",24,"H176.1","H176.2",5.5,21,"11:37",NA,NA,"FH217_H176_796"
"FH297_H333_62",251,251,259,"P_hallii_F2","RNA","leaf","field harvest","Juenger","eQTL","H333",62,"FH297",119,50,5.9,9.6,0.155,6.975,"PASS",1,62,"FH297","F2",2,"Wet","B",79,"H333.1","H333.2",3,18,"12:50",NA,NA,"FH297_H333_62"
"FH002_H342_151",257,257,265,"P_hallii_F2","RNA","leaf","field harvest","Juenger","eQTL","H342",151,"FH002",135,50,6.7,8.6,0.1205,5.4225,"PASS",1,151,"FH002","F2",2,"Wet","B",88,"H342.1","H342.2",2.5,15,"13:02",NA,NA,"FH002_H342_151"
"FH043_H307_436",350,350,358,"P_hallii_F2","RNA","leaf","field harvest","Juenger","eQTL","H307",436,"FH043",85,50,4.2,8.3,0.114,5.13,"PASS",1,436,"FH043","F2",2,"Wet","B",53,"H307.1","H307.2",4,10,"12:06",15,0.89,"FH043_H307_436"
"FH330_H190_729",207,207,215,"P_hallii_F2","RNA","leaf","field harvest","Juenger","eQTL","H190",729,"FH330",NA,50,0,9.1,0.125,5.625,"PASS",1,729,"FH330","F2",2,"Wet","A",38,"H190.1","H190.2",5,16.5,"11:53",12,0.86,"FH330_H190_729"
"FH022_H158_646",261,261,269,"P_hallii_F2","RNA","leaf","field harvest","Juenger","eQTL","H158",646,"FH022",212,50,10.6,8.3,0.279,12.555,"PASS",1,646,"FH022","F2",2,"Wet","A",6,"H158.1","H158.2",4,12.5,"11:07",NA,NA,"FH022_H158_646"
"FH088_H181_314",321,321,329,"P_hallii_F2","RNA","leaf","field harvest","Juenger","eQTL","H181",314,"FH088",188,50,9.4,9.3,0.217,9.765,"PASS",1,314,"FH088","F2",2,"Wet","A",29,"H181.1","H181.2",2.5,15.5,"11:42",21,0.92,"FH088_H181_314"
"FH193_H214_529",95,95,103,"P_hallii_F2","RNA","leaf","field harvest","Juenger","eQTL","H214",529,"FH193",46,50,2.3,0,0.0575,2.5875,"FAIL",1,529,"FH193","F2",2,"Wet","A",62,"H214.1","H214.2",4.5,5,"12:34",12,0.86,"FH193_H214_529"
"FH302_H344_211",279,279,287,"P_hallii_F2","RNA","leaf","field harvest","Juenger","eQTL","H344",211,"FH302",145,50,7.1,9.3,0.215,9.675,"PASS",1,211,"FH302","F2",2,"Wet","B",90,"H344.1","H344.2",4,20,"13:05",15,0.89,"FH302_H344_211"
"FH283_H302_614",214,214,222,"P_hallii_F2","RNA","leaf","field harvest","Juenger","eQTL","H302",614,"FH283",NA,50,0,9.1,0.111,4.995,"PASS",1,614,"FH283","F2",2,"Wet","B",48,"H302.1","H302.2",3.5,14.5,"12:00",29,0.97,"FH283_H302_614"
"FH278_H280_214",8,8,16,"P_hallii_F2","RNA","leaf","field harvest","Juenger","eQTL","H280",214,"FH278",168,50,8.4,9.9,0.256,11.264,"PASS",1,214,"FH278","F2",2,"Wet","B",26,"H280.1","H280.2",4,18.5,"11:33",NA,NA,"FH278_H280_214"
"FH045_H161_627",299,299,307,"P_hallii_F2","RNA","leaf","field harvest","Juenger","eQTL","H161",627,"FH045",136.88,50,7,7.9,0.176,7.92,"PASS",1,627,"FH045","F2",2,"Wet","A",9,"H161.1","H161.2",3.5,13,"11:15",24,0.94,"FH045_H161_627"
"FH132_H198_905",351,351,359,"P_hallii_F2","RNA","leaf","field harvest","Juenger","eQTL","H198",905,"FH132",114,50,5.7,9.3,0.152,6.84,"PASS",1,905,"FH132","F2",2,"Wet","A",46,"H198.1","H198.2",3.5,13,"12:03",27,0.96,"FH132_H198_905"
"FH092_H340_834",301,301,309,"P_hallii_F2","RNA","leaf","field harvest","Juenger","eQTL","H340",834,"FH092",225,50,11.2,8.7,0.28,12.6,"PASS",1,834,"FH092","F2",2,"Wet","B",86,"H340.1","H340.2",2.5,20.5,"13:00",20,0.92,"FH092_H340_834"
"FH399_H225_387",295,295,303,"P_hallii_F2","RNA","leaf","field harvest","Juenger","eQTL","H225",387,"FH399",157,50,7.8,9.2,0.186,8.37,"PASS",1,387,"FH399","F2",2,"Wet","A",73,"H225.1","H225.2",4.5,15.5,"12:48",NA,NA,"FH399_H225_387"
"FH238_H187_159",226,226,234,"P_hallii_F2","RNA","leaf","field harvest","Juenger","eQTL","H187",159,"FH238",NA,50,0,8.8,0.0675,3.0375,"FAIL",NA,159,"FH238","F2",2,"Wet","A",35,"H187.1","H187.2",4.5,13,"11:49",NA,NA,"FH238_H187_159"
"FH011_H189_158",2,2,10,"P_hallii_F2","RNA","leaf","field harvest","Juenger","eQTL","H189",158,"FH011",156,50,7.8,8.9,0.221,9.724,"PASS",1,158,"FH011","F2",2,"Wet","A",37,"H189.1","H189.2",4,15.5,"11:52",10,0.85,"FH011_H189_158"
"FH280_H282_304",294,294,302,"P_hallii_F2","RNA","leaf","field harvest","Juenger","eQTL","H282",304,"FH280",147.1,50,7,8.5,0.208,9.36,"PASS",1,304,"FH280","F2",2,"Wet","B",28,"H282.1","H282.2",4,17,"11:36",NA,NA,"FH280_H282_304"
"FH416_H160_763",12,12,20,"P_hallii_F2","RNA","leaf","field harvest","Juenger","eQTL","H160",763,"FH416",78,50,3.9,9.6,0.1135,4.994,"PASS",1,763,"FH416","F2",2,"Wet","A",8,"H160.1","H160.2",4,15.5,"11:12",8,0.83,"FH416_H160_763"
"FH099_H292_527",152,152,160,"P_hallii_F2","RNA","leaf","field harvest","Juenger","eQTL","H292",527,"FH099",252,50,12.6,8.5,0.393,17.685,"PASS",1,527,"FH099","F2",2,"Wet","B",38,"H292.1","H292.2",4.5,17,"11:47",NA,NA,"FH099_H292_527"
"FH282_H237.1_739",81,81,89,"P_hallii_F2","RNA","leaf","field harvest","Juenger","eQTL","H237.1",739,"FH282",110,50,5.5,8.8,0.1755,7.8975,"PASS",1,739,"FH282","F2",2,"Wet","A",85,"H237.1","H237.2",3.5,15.5,"13:03",8,0.84,"FH282_H237.1_739"
"FH057_H329_745",329,329,337,"P_hallii_F2","RNA","leaf","field harvest","Juenger","eQTL","H329",745,"FH057",88,50,4.4,8.9,0.1125,5.0625,"PASS",1,745,"FH057","F2",2,"Wet","B",75,"H329.1","H329.2",4,12,"12:46",NA,NA,"FH057_H329_745"
"FH052_H177_488",359,359,367,"P_hallii_F2","RNA","leaf","field harvest","Juenger","eQTL","H177",488,"FH052",100,50,5,9.3,0.1405,6.3225,"PASS",1,488,"FH052","F2",2,"Wet","A",25,"H177.1","H177.2",8,16,"11:38",NA,NA,"FH052_H177_488"
"FH341_H274_97",15,15,23,"P_hallii_F2","RNA","leaf","field harvest","Juenger","eQTL","H274",97,"FH341",204,50,10.206,9,0.251,11.2,"PASS",1,97,"FH341","F2",2,"Wet","B",20,"H274.1","H274.2",3,10,"11:23",15,0.88,"FH341_H274_97"
"FH013_H286_337",217,217,225,"P_hallii_F2","RNA","leaf","field harvest","Juenger","eQTL","H286",337,"FH013",NA,50,0,8.7,0.206,9.27,"PASS",1,337,"FH013","F2",2,"Wet","B",32,"H286.1","H286.2",5,19.5,"11:40",9,0.84,"FH013_H286_337"
"FH318_H278_953",229,229,237,"P_hallii_F2","RNA","leaf","field harvest","Juenger","eQTL","H278",953,"FH318",NA,50,0,8.9,0.243,10.935,"PASS",3,953,"FH318","F2",2,"Wet","B",24,"H278.1","H278.2",2.5,17,"11:30",22,0.93,"FH318_H278_953"
"FH403_H169_949",215,215,223,"P_hallii_F2","RNA","leaf","field harvest","Juenger","eQTL","H169",949,"FH403",NA,50,0,9.2,0.255,11.475,"PASS",3,949,"FH403","F2",2,"Wet","A",17,"H169.1","H169.2",4.5,15,"11:29",NA,NA,"FH403_H169_949"
"FH006_H223_409",204,204,212,"P_hallii_F2","RNA","leaf","field harvest","Juenger","eQTL","H223",409,"FH006",NA,50,0,9.2,0.1525,6.8625,"PASS",3,409,"FH006","F2",2,"Wet","A",71,"H223.1","H223.2",4,14,"12:45",20,0.91,"FH006_H223_409"
"FH345_H324_778",270,270,278,"P_hallii_F2","RNA","leaf","field harvest","Juenger","eQTL","H324",778,"FH345",158,50,7.9,9.6,0.1715,7.7175,"PASS",3,778,"FH345","F2",2,"Wet","B",70,"H324.1","H324.2",3,9,"12:40",17,0.89,"FH345_H324_778"
"FH081_H262_174",24,24,32,"P_hallii_F2","RNA","leaf","field harvest","Juenger","eQTL","H262",174,"FH081",148,50,7.3755,9,0.19,8.55,"PASS",3,174,"FH081","F2",2,"Wet","B",8,"H262.1","H262.2",4.5,15.5,"11:09",NA,NA,"FH081_H262_174"
"FH125_H173_441",89,89,97,"P_hallii_F2","RNA","leaf","field harvest","Juenger","eQTL","H173",441,"FH125",147,50,7.35,9.3,0.201,9.045,"PASS",3,441,"FH125","F2",2,"Wet","A",21,"H173.1","H173.2",4,12.5,"11:34",13,0.87,"FH125_H173_441"
"FH481_H336_906",311,311,319,"P_hallii_F2","RNA","leaf","field harvest","Juenger","eQTL","H336",906,"FH481",141.38,50,7,8.6,0.2005,9.0225,"PASS",3,906,"FH481","F2",2,"Wet","B",82,"H336.1","H336.2",2.5,17.5,"12:55",NA,NA,"FH481_H336_906"
"FH243_H269_577",234,234,242,"P_hallii_F2","RNA","leaf","field harvest","Juenger","eQTL","H269",577,"FH243",76,50,3.8,8.6,0.0835,3.7575,"PASS",3,577,"FH243","F2",2,"Wet","B",15,"H269.1","H269.2",4.5,13,"11:18",NA,NA,"FH243_H269_577"
"FH366_H210_559",334,334,342,"P_hallii_F2","RNA","leaf","field harvest","Juenger","eQTL","H210",559,"FH366",180,50,9,9.2,0.252,11.34,"PASS",3,559,"FH366","F2",2,"Wet","A",58,"H210.1","H210.2",3.5,8.5,"12:29",8,0.84,"FH366_H210_559"
"FH086_H222_481",236,236,244,"P_hallii_F2","RNA","leaf","field harvest","Juenger","eQTL","H222",481,"FH086",NA,50,0,9.2,0.1095,4.9275,"PASS",3,481,"FH086","F2",2,"Wet","A",70,"H222.1","H222.2",3.5,12,"12:44",NA,NA,"FH086_H222_481"
"FH426_H168_526",5,5,13,"P_hallii_F2","RNA","leaf","field harvest","Juenger","eQTL","H168",526,"FH426",66,50,3.3,10,0.0815,3.586,"PASS",3,526,"FH426","F2",2,"Wet","A",16,"H168.1","H168.2",4,16.5,"11:27",15,0.89,"FH426_H168_526"
"FH333_H174_998",21,21,29,"P_hallii_F2","RNA","leaf","field harvest","Juenger","eQTL","H174",998,"FH333",122,50,6.1,9.2,0.144,6.48,"PASS",3,998,"FH333","F2",2,"Wet","A",22,"H174.1","H174.2",6,15,"11:35",16,0.89,"FH333_H174_998"
"FH062_H334_524",198,198,206,"P_hallii_F2","RNA","leaf","field harvest","Juenger","eQTL","H334",524,"FH062",NA,50,0,9.3,0.103,4.635,"PASS",3,524,"FH062","F2",2,"Wet","B",80,"H334.1","H334.2",3,12.5,"12:52",13,0.87,"FH062_H334_524"
"FH406_H304_3",231,231,239,"P_hallii_F2","RNA","leaf","field harvest","Juenger","eQTL","H304",3,"FH406",NA,50,0,8.7,0.0945,4.2525,"PASS",3,3,"FH406","F2",2,"Wet","B",50,"H304.1","H304.2",4.5,14,"12:02",11,0.85,"FH406_H304_3"
"FH015_H323_988",289,289,297,"P_hallii_F2","RNA","leaf","field harvest","Juenger","eQTL","H323",988,"FH015",90.98,50,5,8.7,0.1265,5.6925,"PASS",3,988,"FH015","F2",2,"Wet","B",69,"H323.1","H323.2",NA,NA,"12:38",3,0.8,"FH015_H323_988"
"FH483_H234_751",285,285,293,"P_hallii_F2","RNA","leaf","field harvest","Juenger","eQTL","H234",751,"FH483",111,50,5.5,9,0.164,7.38,"PASS",3,751,"FH483","F2",2,"Wet","A",82,"H234.1","H234.2",3.5,16,"12:59",NA,NA,"FH483_H234_751"
"FH438_H194_908",291,291,299,"P_hallii_F2","RNA","leaf","field harvest","Juenger","eQTL","H194",908,"FH438",81.87,50,4,8.1,0.128,5.76,"PASS",3,908,"FH438","F2",2,"Wet","A",42,"H194.1","H194.2",5,18,"11:58",24,0.94,"FH438_H194_908"
"FH162_H337_252",306,306,314,"P_hallii_F2","RNA","leaf","field harvest","Juenger","eQTL","H337",252,"FH162",207.83,50,10,8,0.305,13.725,"PASS",3,252,"FH162","F2",2,"Wet","B",83,"H337.1","H337.2",4,18.5,"12:56",16,0.89,"FH162_H337_252"
"FH275_H203_530",297,297,305,"P_hallii_F2","RNA","leaf","field harvest","Juenger","eQTL","H203",530,"FH275",102.35,50,5,6.8,0.222,9.99,"PASS",2,530,"FH275","F2",2,"Wet","A",51,"H203.1","H203.2",3,9.5,"12:10",NA,NA,"FH275_H203_530"
"FH128_H331_380",324,324,332,"P_hallii_F2","RNA","leaf","field harvest","Juenger","eQTL","H331",380,"FH128",188,50,9.4,8.9,0.223,10.035,"PASS",2,380,"FH128","F2",2,"Wet","B",77,"H331.1","H331.2",2,11.5,"12:48",17,0.9,"FH128_H331_380"
"FH239_H180_442",93,93,101,"P_hallii_F2","RNA","leaf","field harvest","Juenger","eQTL","H180",442,"FH239",140,50,7,9.4,0.1975,8.8875,"PASS",2,442,"FH239","F2",2,"Wet","A",28,"H180.1","H180.2",2.5,12.5,"11:41",NA,NA,"FH239_H180_442"
"FH094_H300_280",27,27,35,"P_hallii_F2","RNA","leaf","field harvest","Juenger","eQTL","H300",280,"FH094",115,50,5.75,9,0.1645,7.4025,"PASS",2,280,"FH094","F2",2,"Wet","B",46,"H300.1","H300.2",4,15,"11:58",16,0.89,"FH094_H300_280"
"FH201_H260.1_831",82,82,90,"P_hallii_F2","RNA","leaf","field harvest","Juenger","eQTL","H260.1",831,"FH201",41,50,2.05,8.6,0.058,2.61,"FAIL",2,831,"FH201","F2",2,"Wet","B",6,"H260.1","H260.2",3.5,13.5,"11:05",NA,NA,"FH201_H260.1_831"
"FH038_H219_811",271,271,279,"P_hallii_F2","RNA","leaf","field harvest","Juenger","eQTL","H219",811,"FH038",119,50,5.9,9.4,0.137,6.165,"PASS",2,811,"FH038","F2",2,"Wet","A",67,"H219.1","H219.2",2.5,6.5,"12:41",23,0.94,"FH038_H219_811"
"FH382_H243_556",296,296,304,"P_hallii_F2","RNA","leaf","field harvest","Juenger","eQTL","H243",556,"FH382",170.91,50,9,9.2,0.204,9.18,"PASS",2,556,"FH382","F2",2,"Wet","A",91,"H243.1","H243.2",4,20.5,"13:12",NA,NA,"FH382_H243_556"
"FH355_H332_267",332,332,340,"P_hallii_F2","RNA","leaf","field harvest","Juenger","eQTL","H332",267,"FH355",205,50,10.2,8.9,0.2845,12.8025,"PASS",2,267,"FH355","F2",2,"Wet","B",78,"H332.1","H332.2",3.5,7,"12:49",NA,NA,"FH355_H332_267"
"FH007_H156_514",213,213,221,"P_hallii_F2","RNA","leaf","field harvest","Juenger","eQTL","H156",514,"FH007",NA,50,0,8.9,0.267,12.015,"PASS",2,514,"FH007","F2",2,"Wet","A",4,"H156.1","H156.2",3.5,14.5,"11:04",20,0.92,"FH007_H156_514"
"FH070_H271_261",203,203,211,"P_hallii_F2","RNA","leaf","field harvest","Juenger","eQTL","H271",261,"FH070",NA,50,0,9,0.192,8.64,"PASS",2,261,"FH070","F2",2,"Wet","B",17,"H271.1","H271.2",8.5,19,"11:20",NA,NA,"FH070_H271_261"
"FH142_H167_266",224,224,232,"P_hallii_F2","RNA","leaf","field harvest","Juenger","eQTL","H167",266,"FH142",NA,50,0,8.9,0.287,12.915,"PASS",2,266,"FH142","F2",2,"Wet","A",15,"H167.1","H167.2",7,19.5,"11:26",11,0.86,"FH142_H167_266"
"FH457_H296_434",237,237,245,"P_hallii_F2","RNA","leaf","field harvest","Juenger","eQTL","H296",434,"FH457",NA,50,0,8.7,0.0965,4.3425,"PASS",2,434,"FH457","F2",2,"Wet","B",42,"H296.1","H296.2",3.5,17.5,"11:52",11,0.86,"FH457_H296_434"
"FH284_H346_874",252,252,260,"P_hallii_F2","RNA","leaf","field harvest","Juenger","eQTL","H346",874,"FH284",73,50,3.6,9.1,0.0785,3.5325,"PASS",2,874,"FH284","F2",2,"Wet","B",92,"H346.1","H346.2",3.5,17.5,"13:07",NA,NA,"FH284_H346_874"
"FH387_H202_585",269,269,277,"P_hallii_F2","RNA","leaf","field harvest","Juenger","eQTL","H202",585,"FH387",182,50,9.1,8.8,0.1815,8.1675,"PASS",2,585,"FH387","F2",2,"Wet","A",50,"H202.1","H202.2",4.5,16,"12:08",NA,NA,"FH387_H202_585"
"FH336_H291_91",278,278,286,"P_hallii_F2","RNA","leaf","field harvest","Juenger","eQTL","H291",91,"FH336",143,50,7.1,8.7,0.189,8.505,"PASS",2,91,"FH336","F2",2,"Wet","B",37,"H291.1","H291.2",3.5,16.5,"11:46",17,0.89,"FH336_H291_91"
"FH072_H240_871",309,309,317,"P_hallii_F2","RNA","leaf","field harvest","Juenger","eQTL","H240",871,"FH072",199,50,9.9,9.4,0.227,10.215,"PASS",2,871,"FH072","F2",2,"Wet","A",88,"H240.1","H240.2",15,29,"13:06",14,0.88,"FH072_H240_871"
"FH343_H255_989",246,246,254,"P_hallii_F2","RNA","leaf","field harvest","Juenger","eQTL","H255",989,"FH343",NA,50,NA,9.2,0.159,7.155,"PASS",2,989,"FH343","F2",2,"Wet","B",1,"H255.1","H255.2",10.5,14.5,"10:57",NA,NA,"FH343_H255_989"
"FH082_H299_680",378,378,386,"P_hallii_F2","RNA","leaf","field harvest","Juenger","eQTL","H299",680,"FH082",155,50,7.7,9.5,0.217,9.765,"PASS",2,680,"FH082","F2",2,"Wet","B",45,"H299.1","H299.2",4,15.5,"11:57",NA,NA,"FH082_H299_680"
"FH307_H186_132",302,302,310,"P_hallii_F2","RNA","leaf","field harvest","Juenger","eQTL","H186",132,"FH307",106.3,50,5,8.4,0.126,5.67,"PASS",2,132,"FH307","F2",2,"Wet","A",34,"H186.1","H186.2",3,12,"11:48",26,0.95,"FH307_H186_132"
"FH388_H154_972",28,28,36,"P_hallii_F2","RNA","leaf","field harvest","Juenger","eQTL","H154",972,"FH388",92,50,4.6,9.2,0.1145,5.1525,"PASS",2,972,"FH388","F2",2,"Wet","A",2,"H154.1","H154.2",3,14.5,"11:02",NA,NA,"FH388_H154_972"
"FH112_H272_41",375,375,383,"P_hallii_F2","RNA","leaf","field harvest","Juenger","eQTL","H272",41,"FH112",227,50,11.3,8.5,0.324,14.58,"PASS",2,41,"FH112","F2",2,"Wet","B",18,"H272.1","H272.2",NA,NA,"",NA,NA,"FH112_H272_41"
"FH434_H259_190",16,16,24,"P_hallii_F2","RNA","leaf","field harvest","Juenger","eQTL","H259",190,"FH434",101,50,5.0475,8.5,0.123,5.5,"PASS",2,190,"FH434","F2",2,"Wet","B",5,"H259.1","H259.2",6,15.5,"11:04",13,0.87,"FH434_H259_190"
"FH187_H348_164",341,341,349,"P_hallii_F2","RNA","leaf","field harvest","Juenger","eQTL","H348",164,"FH187",76,50,3.8,7.8,0.108,4.86,"PASS",2,164,"FH187","F2",2,"Wet","B",94,"H348.1","H348.2",3.5,20,"13:10",NA,NA,"FH187_H348_164"
"FH137_H265_9",363,363,371,"P_hallii_F2","RNA","leaf","field harvest","Juenger","eQTL","H265",9,"FH137",178,50,8.9,8.9,0.257,11.565,"PASS",4,9,"FH137","F2",2,"Wet","B",11,"H265.1","H265.2",4,11.5,"11:12",17,0.9,"FH137_H265_9"
"FH492_H201_357",240,240,248,"P_hallii_F2","RNA","leaf","field harvest","Juenger","eQTL","H201",357,"FH492",152,50,7.6,9,0.1485,6.6825,"PASS",4,357,"FH492","F2",2,"Wet","A",49,"H201.1","H201.2",3.5,16,"12:06",NA,NA,"FH492_H201_357"
"FH326_H230.1_500",80,80,88,"P_hallii_F2","RNA","leaf","field harvest","Juenger","eQTL","H230.1",500,"FH326",104,50,5.2,9,0.166,7.47,"PASS",4,500,"FH326","F2",2,"Wet","A",78,"H230.1","H230.2",3,14,"12:55",13,0.87,"FH326_H230.1_500"
"FH046_H153_18",98,98,106,"P_hallii_F2","RNA","leaf","field harvest","Juenger","eQTL","H153",18,"FH046",81,50,4.05,9.1,0.118,5.31,"PASS",4,18,"FH046","F2",2,"Wet","A",1,"H153.1","H153.2",7,16,"10:59",NA,NA,"FH046_H153_18"
"FH353_H315_589",327,327,335,"P_hallii_F2","RNA","leaf","field harvest","Juenger","eQTL","H315",589,"FH353",241,50,12,9.3,0.327,14.715,"PASS",4,589,"FH353","F2",2,"Wet","B",61,"H315.1","H315.2",4,8.5,"12:28",22,0.93,"FH353_H315_589"
"FH141_H290.1_533",84,84,92,"P_hallii_F2","RNA","leaf","field harvest","Juenger","eQTL","H290.1",533,"FH141",67,50,3.35,0,0,0,"FAIL",NA,533,"FH141","F2",2,"Wet","B",36,"H290.1","H290.2",3.5,15.5,"11:46",19,0.91,"FH141_H290.1_533"
"FH261_H314_958",303,303,311,"P_hallii_F2","RNA","leaf","field harvest","Juenger","eQTL","H314",958,"FH261",122,50,6.1,9.6,0.1585,7.1325,"PASS",4,958,"FH261","F2",2,"Wet","B",60,"H314.1","H314.2",3.5,11,"12:17",17,0.9,"FH261_H314_958"
"FH493_H327_887",282,282,290,"P_hallii_F2","RNA","leaf","field harvest","Juenger","eQTL","H327",887,"FH493",142,50,7.1,9.8,0.18,8.1,"PASS",4,887,"FH493","F2",2,"Wet","B",73,"H327.1","H327.2",3,12,"12:44",NA,NA,"FH493_H327_887"
"FH338_H226_921",276,276,284,"P_hallii_F2","RNA","leaf","field harvest","Juenger","eQTL","H226",921,"FH338",113,50,5.6,8.8,0.1525,6.8625,"PASS",4,921,"FH338","F2",2,"Wet","A",74,"H226.1","H226.2",3,14,"12:49",NA,NA,"FH338_H226_921"
"FH425_H209_535",347,347,355,"P_hallii_F2","RNA","leaf","field harvest","Juenger","eQTL","H209",535,"FH425",174,50,8.7,8,0.226,10.17,"PASS",4,535,"FH425","F2",2,"Wet","A",57,"H209.1","H209.2",4,11,"12:18",8,0.83,"FH425_H209_535"
"FH049_H354_741",353,353,361,"P_hallii_F2","RNA","leaf","field harvest","Juenger","eQTL","H354",741,"FH049",107,50,5.3,9.5,0.136,6.12,"PASS",4,741,"FH049","F2",2,"Wet","B",100,"H354.1","H354.2",4,13.5,"13:17",NA,NA,"FH049_H354_741"
"FH044_H200_361",210,210,218,"P_hallii_F2","RNA","leaf","field harvest","Juenger","eQTL","H200",361,"FH044",NA,50,0,9.8,0.131,5.895,"PASS",4,361,"FH044","F2",2,"Wet","A",48,"H200.1","H200.2",2.5,14,"12:05",8,0.83,"FH044_H200_361"
"FH114_H284_414",248,248,256,"P_hallii_F2","RNA","leaf","field harvest","Juenger","eQTL","H284",414,"FH114",218,50,10.9,8.9,0.2765,12.4425,"PASS",4,414,"FH114","F2",2,"Wet","B",30,"H284.1","H284.2",4.5,23,"11:37",22,0.93,"FH114_H284_414"
"FH453_H289_437",365,365,373,"P_hallii_F2","RNA","leaf","field harvest","Juenger","eQTL","H289",437,"FH453",233,50,11.6,8.4,0.303,13.635,"PASS",4,437,"FH453","F2",2,"Wet","B",35,"H289.1","H289.2",3,14,"11:44",NA,NA,"FH453_H289_437"
"FH178_H341_181",369,369,377,"P_hallii_F2","RNA","leaf","field harvest","Juenger","eQTL","H341",181,"FH178",88,50,4.4,9.4,0.1095,4.9275,"PASS",4,181,"FH178","F2",2,"Wet","B",87,"H341.1","H341.2",10,27,"13:01",6,0.82,"FH178_H341_181"
"FH058_H311.1_591",85,85,93,"P_hallii_F2","RNA","leaf","field harvest","Juenger","eQTL","H311.1",591,"FH058",155,50,7.75,8.9,0.274,12.33,"PASS",4,591,"FH058","F2",2,"Wet","B",56,"H310.1","H310.2",3,12,"12:09",NA,NA,"FH058_H311.1_591"
"FH352_H206_626",259,259,267,"P_hallii_F2","RNA","leaf","field harvest","Juenger","eQTL","H206",626,"FH352",182,50,9.2,8.4,0.236,10.62,"PASS",4,626,"FH352","F2",2,"Wet","A",54,"H206.1","H206.2",4.5,14,"12:13",NA,NA,"FH352_H206_626"
"FH340_H178_49",308,308,316,"P_hallii_F2","RNA","leaf","field harvest","Juenger","eQTL","H178",49,"FH340",205.68,50,10,8.3,0.267,12.015,"PASS",4,49,"FH340","F2",2,"Wet","A",26,"H178.1","H178.2",6.5,16.5,"11:39",NA,NA,"FH340_H178_49"
"FH186_H199_955",138,138,146,"P_hallii_F2","RNA","leaf","field harvest","Juenger","eQTL","H199",955,"FH186",56,50,2.8,9.1,0.079,3.555,"PASS",4,955,"FH186","F2",2,"Wet","A",47,"H199.1","H199.2",4,15.5,"12:04",NA,NA,"FH186_H199_955"
"FH156_H281_668",364,364,372,"P_hallii_F2","RNA","leaf","field harvest","Juenger","eQTL","H281",668,"FH156",181,50,8.8,9,0.25,11.25,"PASS",4,668,"FH156","F2",2,"Wet","B",27,"H281.1","H281.2",NA,11.5,"11:34",NA,NA,"FH156_H281_668"
"FH248_H244_571",286,286,294,"P_hallii_F2","RNA","leaf","field harvest","Juenger","eQTL","H244",571,"FH248",235,50,11.7,8.8,0.295,13.275,"PASS",4,571,"FH248","F2",2,"Wet","A",92,"H244.1","H244.2",5,20.5,"13:13",9,0.84,"FH248_H244_571"
"FH120_H322_17",267,267,275,"P_hallii_F2","RNA","leaf","field harvest","Juenger","eQTL","H322",17,"FH120",178,50,8.9,9,0.22,9.9,"PASS",4,17,"FH120","F2",2,"Wet","B",68,"H322.1","H322.2",3,6.5,"12:37",14,0.88,"FH120_H322_17"
"FH455_H277_271",205,205,213,"P_hallii_F2","RNA","leaf","field harvest","Juenger","eQTL","H277",271,"FH455",NA,50,0,9,0.261,11.745,"PASS",4,271,"FH455","F2",2,"Wet","B",23,"H277.1","H277.2",2.5,19.5,"11:28",17,0.9,"FH455_H277_271"
"FH292_H250_960",249,249,257,"P_hallii_F2","RNA","leaf","field harvest","Juenger","eQTL","H250",960,"FH292",101,50,5,9.7,0.1435,6.4575,"PASS",4,960,"FH292","F2",2,"Wet","A",98,"H250.1","H250.2",4.5,12,"13:20",7,0.83,"FH292_H250_960"
"FH080_H320_754",14,14,22,"P_hallii_F2","RNA","leaf","field harvest","Juenger","eQTL","H320",754,"FH080",51,50,2.55,0,0.0655,2.9475,"FAIL",NA,754,"FH080","F2",2,"Wet","B",66,"H320.1","H320.2",5.5,4,"12:34",NA,NA,"FH080_H320_754"
"FH124_H183_621",26,26,34,"P_hallii_F2","RNA","leaf","field harvest","Juenger","eQTL","H183",621,"FH124",103,50,5.15,9.2,0.148,6.66,"PASS",4,621,"FH124","F2",2,"Wet","A",31,"H183.1","H183.2",2.5,12,"11:45",NA,NA,"FH124_H183_621"
"FH158_H321_231",201,201,209,"P_hallii_F2","RNA","leaf","field harvest","Juenger","eQTL","H321",231,"FH158",NA,50,0,8.9,0.304,13.68,"PASS",4,231,"FH158","F2",2,"Wet","B",67,"H321.1","H321.2",4.5,5.5,"12:36",12,0.86,"FH158_H321_231"
"FH250_H256_255",11,11,19,"P_hallii_F2","RNA","leaf","field harvest","Juenger","eQTL","H256",255,"FH250",71,50,3.55,9.4,0.1045,4.598,"PASS",4,255,"FH250","F2",2,"Wet","B",2,"H256.1","H256.2",8,16.5,"10:59",26,0.95,"FH250_H256_255"
"FH350_H205_861",211,211,219,"P_hallii_F2","RNA","leaf","field harvest","Juenger","eQTL","H205",861,"FH350",NA,50,0,9.3,0.1165,5.2425,"PASS",4,861,"FH350","F2",2,"Wet","A",53,"H205.1","H205.2",3.5,9,"12:12",10,0.85,"FH350_H205_861"
"FH108_H318_455",307,307,315,"P_hallii_F2","RNA","leaf","field harvest","Juenger","eQTL","H318",455,"FH108",226.86,50,11,7.8,0.313,14.085,"PASS",4,455,"FH108","F2",2,"Wet","B",64,"H318.1","H318.2",4.5,14,"12:31",17,0.9,"FH108_H318_455"
"FH042_H238_612",266,266,274,"P_hallii_F2","RNA","leaf","field harvest","Juenger","eQTL","H238",612,"FH042",178,50,8.9,8.9,0.211,9.495,"PASS",4,612,"FH042","F2",2,"Wet","A",86,"H238.1","H238.2",2.5,15,"13:04",NA,NA,"FH042_H238_612"
"FH133_H216_744",13,13,21,"P_hallii_F2","RNA","leaf","field harvest","Juenger","eQTL","H216",744,"FH133",53,50,2.65,9.7,0.0825,3.63,"PASS",4,744,"FH133","F2",2,"Wet","A",64,"H216.1","H216.2",5,5.5,"12:36",25,0.95,"FH133_H216_744"
"FH436_H162_808",90,90,98,"P_hallii_F2","RNA","leaf","field harvest","Juenger","eQTL","H162",808,"FH436",94,50,4.7,8.8,0.135,6.075,"PASS",4,808,"FH436","F2",2,"Wet","A",10,"H162.1","H162.2",3.5,13,"11:16",NA,NA,"FH436_H162_808"
"FH214_H330_728",200,200,208,"P_hallii_F2","RNA","leaf","field harvest","Juenger","eQTL","H330",728,"FH214",NA,50,0,9.1,0.152,6.84,"PASS",4,728,"FH214","F2",2,"Wet","B",76,"H330.1","H330.2",3.5,10.5,"12:47",NA,NA,"FH214_H330_728"
"FH159_H287_580",88,88,96,"P_hallii_F2","RNA","leaf","field harvest","Juenger","eQTL","H287",580,"FH159",73,50,3.65,8.8,0.096,4.32,"PASS",4,580,"FH159","F2",2,"Wet","B",33,"H287.1","H287.2",4.5,11,"11:41",15,0.88,"FH159_H287_580"
"FH134_H179_756",242,242,250,"P_hallii_F2","RNA","leaf","field harvest","Juenger","eQTL","H179",756,"FH134",NA,50,NA,9,0.1415,6.3675,"PASS",3,756,"FH134","F2",2,"Wet","A",27,"H179.1","H179.2",3,11.5,"11:40",NA,NA,"FH134_H179_756"
"FH489_H257_962",92,92,100,"P_hallii_F2","RNA","leaf","field harvest","Juenger","eQTL","H257",962,"FH489",64,50,3.2,9,0.086,3.87,"PASS",3,962,"FH489","F2",2,"Wet","B",3,"H257.1","H257.2",5,16,"11:01",NA,NA,"FH489_H257_962"
"FH252_H233_32",290,290,298,"P_hallii_F2","RNA","leaf","field harvest","Juenger","eQTL","H233",32,"FH252",202.43,50,10,8.6,0.241,10.845,"PASS",3,32,"FH252","F2",2,"Wet","A",81,"H233.1","H233.2",12.5,19.5,"12:58",NA,NA,"FH252_H233_32"
"FH411_H224_465",22,22,30,"P_hallii_F2","RNA","leaf","field harvest","Juenger","eQTL","H224",465,"FH411",48,50,2.421,9.3,0.0655,2.9475,"FAIL",NA,465,"FH411","F2",2,"Wet","A",72,"H224.1","H224.2",5,8,"12:47",NA,NA,"FH411_H224_465"
"FH258_H335_225",212,212,220,"P_hallii_F2","RNA","leaf","field harvest","Juenger","eQTL","H335",225,"FH258",NA,50,0,9,0.0935,4.2075,"PASS",3,225,"FH258","F2",2,"Wet","B",81,"H335.1","H335.2",3.5,14,"12:53",8,0.83,"FH258_H335_225"
"FH106_H285_200",199,199,207,"P_hallii_F2","RNA","leaf","field harvest","Juenger","eQTL","H285",200,"FH106",NA,50,0,9.6,0.185,8.325,"PASS",3,200,"FH106","F2",2,"Wet","B",31,"H285.1","H285.2",10,17,"11:39",NA,NA,"FH106_H285_200"
"FH290_H356_470",139,139,147,"P_hallii_F2","RNA","leaf","field harvest","Juenger","eQTL","H356",470,"FH290",133,50,6.65,9.1,0.183,8.235,"PASS",3,470,"FH290","F2",2,"Wet","B",102,"H356.1","H356.2",3.5,22.5,"13:20",NA,NA,"FH290_H356_470"
"FH077_H217_852",317,317,325,"P_hallii_F2","RNA","leaf","field harvest","Juenger","eQTL","H217",852,"FH077",227,50,11.3,9.6,0.306,13.77,"PASS",3,852,"FH077","F2",2,"Wet","A",65,"H217.1","H217.2",3.5,5,"12:38",21,0.92,"FH077_H217_852"
"FH311_H349_734",268,268,276,"P_hallii_F2","RNA","leaf","field harvest","Juenger","eQTL","H349",734,"FH311",93,50,4.6,8.9,0.0985,4.4325,"PASS",3,734,"FH311","F2",2,"Wet","B",95,"H349.1","H349.2",2.5,19.5,"13:11",NA,NA,"FH311_H349_734"
"FH110_H196_241",19,19,27,"P_hallii_F2","RNA","leaf","field harvest","Juenger","eQTL","H196",241,"FH110",127,50,6.35,9.4,0.1995,8.9775,"PASS",3,241,"FH110","F2",2,"Wet","A",44,"H196.1","H196.2",5,13,"12:00",NA,NA,"FH110_H196_241"
"FH054_H252_317",298,298,306,"P_hallii_F2","RNA","leaf","field harvest","Juenger","eQTL","H252",317,"FH054",118.64,50,6,8.3,0.1675,7.5375,"PASS",3,317,"FH054","F2",2,"Wet","A",100,"H252.1","H252.2",5.5,20,"13:22",NA,NA,"FH054_H252_317"
"FH390_H303_903",222,222,230,"P_hallii_F2","RNA","leaf","field harvest","Juenger","eQTL","H303",903,"FH390",NA,50,0,7.9,0.0525,2.3625,"FAIL",NA,903,"FH390","F2",2,"Wet","B",49,"H303.1","H303.2",6,13,"12:01",22,0.93,"FH390_H303_903"
"FH367_H163_841",274,274,282,"P_hallii_F2","RNA","leaf","field harvest","Juenger","eQTL","H163",841,"FH367",131,50,6.5,8.9,0.1495,6.7275,"PASS",3,841,"FH367","F2",2,"Wet","A",11,"H163.1","H163.2",4,14,"11:18",NA,NA,"FH367_H163_841"
"FH004_H191_129",260,260,268,"P_hallii_F2","RNA","leaf","field harvest","Juenger","eQTL","H191",129,"FH004",111,50,5.5,8.7,0.1425,6.4125,"PASS",3,129,"FH004","F2",2,"Wet","A",39,"H191.1","H191.2",4.5,17.5,"11:55",7,0.82,"FH004_H191_129"
"FH359_H241_123",304,304,312,"P_hallii_F2","RNA","leaf","field harvest","Juenger","eQTL","H241",123,"FH359",165,50,8.2,9,0.22,9.9,"PASS",3,123,"FH359","F2",2,"Wet","A",89,"H241.1","H241.2",2.5,19,"13:08",NA,NA,"FH359_H241_123"
"FH237_H339_99",221,221,229,"P_hallii_F2","RNA","leaf","field harvest","Juenger","eQTL","H339",99,"FH237",NA,50,0,8.6,0.1895,8.5275,"PASS",3,99,"FH237","F2",2,"Wet","B",85,"H339.1","H339.2",4.5,19,"12:58",NA,NA,"FH237_H339_99"
"FH119_H242_622",238,238,246,"P_hallii_F2","RNA","leaf","field harvest","Juenger","eQTL","H242",622,"FH119",NA,50,NA,9.3,0.299,13.455,"PASS",3,622,"FH119","F2",2,"Wet","A",90,"H242.1","H242.2",3,21.5,"13:10",27,0.96,"FH119_H242_622"
"FH121_H325_817",300,300,308,"P_hallii_F2","RNA","leaf","field harvest","Juenger","eQTL","H325",817,"FH121",92.17,50,5,8.3,0.1335,6.0075,"PASS",2,817,"FH121","F2",2,"Wet","B",71,"H325.1","H325.2",5,9.5,"12:41",NA,NA,"FH121_H325_817"
"FH231_H254_187",314,314,322,"P_hallii_F2","RNA","leaf","field harvest","Juenger","eQTL","H254",187,"FH231",184,50,9.2,8.9,0.255,11.475,"PASS",2,187,"FH231","F2",2,"Wet","A",102,"H254.1","H254.2",4,21,"13:24",NA,NA,"FH231_H254_187"
"FH051_H159_96",91,91,99,"P_hallii_F2","RNA","leaf","field harvest","Juenger","eQTL","H159",96,"FH051",120,50,6,8.6,0.166,7.47,"PASS",2,96,"FH051","F2",2,"Wet","A",7,"H159.1","H159.2",3.5,11.5,"11:09",NA,NA,"FH051_H159_96"
"FH397_H283_676",284,284,292,"P_hallii_F2","RNA","leaf","field harvest","Juenger","eQTL","H283",676,"FH397",94,50,4.7,8.5,0.118,5.31,"PASS",2,676,"FH397","F2",2,"Wet","B",29,"H283.1","H283.2",4,15.5,"11:36",24,0.94,"FH397_H283_676"
"FH272_H204.1_553",79,79,87,"P_hallii_F2","RNA","leaf","field harvest","Juenger","eQTL","H204.1",553,"FH272",35,50,1.75,8.1,0.0545,2.4525,"FAIL",NA,553,"FH272","F2",2,"Wet","A",52,"H204.1","H204.2",4,12.5,"12:11",13,0.87,"FH272_H204.1_553"
"FH031_H245_746",356,356,364,"P_hallii_F2","RNA","leaf","field harvest","Juenger","eQTL","H245",746,"FH031",162,50,8.1,9.4,0.218,9.81,"PASS",2,746,"FH031","F2",2,"Wet","A",93,"H245.1","H245.2",3.5,17,"13:14",21,0.92,"FH031_H245_746"
"FH358_H313_44",218,218,226,"P_hallii_F2","RNA","leaf","field harvest","Juenger","eQTL","H313",44,"FH358",NA,50,0,9,0.1155,5.1975,"PASS",2,44,"FH358","F2",2,"Wet","B",59,"H313.1","H313.2",6,18.5,"12:15",12,0.86,"FH358_H313_44"
"FH085_H248_328",318,318,326,"P_hallii_F2","RNA","leaf","field harvest","Juenger","eQTL","H248",328,"FH085",161,50,8,10,0.203,9.135,"PASS",2,328,"FH085","F2",2,"Wet","A",96,"H248.1","H248.2",4,20,"13:18",NA,NA,"FH085_H248_328"
"FH263_H308_649",216,216,224,"P_hallii_F2","RNA","leaf","field harvest","Juenger","eQTL","H308",649,"FH263",75,50,3.75,9.4,0.0785,3.5325,"PASS",2,649,"FH263","F2",2,"Wet","B",54,"H308.1","H308.2",6,18.5,"12:08",15,0.89,"FH263_H308_649"
"FH005_H258_774",196,196,204,"P_hallii_F2","RNA","leaf","field harvest","Juenger","eQTL","H258",774,"FH005",NA,50,0,9.1,0.1125,5.0625,"PASS",2,774,"FH005","F2",2,"Wet","B",4,"H258.1","H258.2",5,16.5,"11:03",NA,NA,"FH005_H258_774"
"FH328_H279_384",161,161,169,"P_hallii_F2","RNA","leaf","field harvest","Juenger","eQTL","H279",384,"FH328",NA,50,0,8.7,0.214,9.63,"PASS",2,384,"FH328","F2",2,"Wet","B",25,"H279.1","H279.2",4.5,18,"11:32",7,0.83,"FH328_H279_384"
"FH415_H157_755",253,253,261,"P_hallii_F2","RNA","leaf","field harvest","Juenger","eQTL","H157",755,"FH415",160,50,8,8.8,0.1995,8.9775,"PASS",2,755,"FH415","F2",2,"Wet","A",5,"H157.1","H157.2",3.5,16,"11:06",34,1,"FH415_H157_755"
"FH161_H251_311",225,225,233,"P_hallii_F2","RNA","leaf","field harvest","Juenger","eQTL","H251",311,"FH161",NA,50,0,9.3,0.247,11.115,"PASS",4,311,"FH161","F2",2,"Wet","A",99,"H251.1","H251.2",3.5,13,"13:21",NA,NA,"FH161_H251_311"
"FIL2_H119_563",171,171,179,"P_hallii_F2","RNA","leaf","field harvest","Juenger","eQTL","H119",563,"FIL2",NA,50,0,9.7,0.226,10.17,"PASS",1,563,"FIL2","Parent",1,"Dry","B",69,"H119.1","H119.2",5.5,24.5,"12:44",3,0.79,"FIL2_H119_563"
"FIL2_H058_486",52,52,60,"P_hallii_F2","RNA","leaf","field harvest","Juenger","eQTL","H058",486,"FIL2",223,50,11.15,8.9,0.23,10.35,"PASS",1,486,"FIL2","Parent",1,"Dry","B",8,"H058.1","H058.2",8,24,"11:10",3,0.8,"FIL2_H058_486"
"FIL2_H068_368",114,114,122,"P_hallii_F2","RNA","leaf","field harvest","Juenger","eQTL","H068",368,"FIL2",128,50,6.4,8.8,0.1975,8.8875,"PASS",1,368,"FIL2","Parent",1,"Dry","B",18,"H068.1","H068.2",6,25,"11:24",NA,NA,"FIL2_H068_368"
"FIL2_H092_19",134,134,142,"P_hallii_F2","RNA","leaf","field harvest","Juenger","eQTL","H092",19,"FIL2",168,50,8.4,9.2,0.267,12.015,"PASS",1,19,"FIL2","Parent",1,"Dry","B",42,"H092.1","H092.2",9,29.5,"12:00",4,0.8,"FIL2_H092_19"
"FIL2_H097_895",48,48,56,"P_hallii_F2","RNA","leaf","field harvest","Juenger","eQTL","H097",895,"FIL2",90,50,4.5,8.1,0.1265,5.6925,"PASS",1,895,"FIL2","Parent",1,"Dry","B",47,"H097.1","H097.2",7,29,"12:06",NA,NA,"FIL2_H097_895"
"FIL2_G976_42",127,127,135,"P_hallii_F2","RNA","leaf","field harvest","Juenger","eQTL","G976",42,"FIL2",297,50,14.85,9.5,0.473,21.285,"PASS",3,42,"FIL2","Parent",1,"Dry","A",29,"G976.1","G976.2",33,50,"11:37",NA,NA,"FIL2_G976_42"
"FIL2_H144_888",189,189,197,"P_hallii_F2","RNA","leaf","field harvest","Juenger","eQTL","H144",888,"FIL2",NA,50,0,9.4,0.0855,3.8475,"PASS",3,888,"FIL2","Parent",1,"Dry","B",94,"H144.1","H144.2",14,29.5,"13:18",4,0.8,"FIL2_H144_888"
"FIL2_H114_549",376,376,384,"P_hallii_F2","RNA","leaf","field harvest","Juenger","eQTL","H114",549,"FIL2",215,50,10.7,9.1,0.264,11.88,"PASS",2,549,"FIL2","Parent",1,"Dry","B",64,"H114.1","H114.2",7,37.5,"12:36",NA,NA,"FIL2_H114_549"
"FIL2_H120_2",184,184,192,"P_hallii_F2","RNA","leaf","field harvest","Juenger","eQTL","H120",2,"FIL2",NA,50,0,9.6,0.115,5.175,"PASS",2,2,"FIL2","Parent",1,"Dry","B",70,"H120.1","H120.2",4,22.5,"12:45",6,0.82,"FIL2_H120_2"
"FIL2_G968_100",100,100,108,"P_hallii_F2","RNA","leaf","field harvest","Juenger","eQTL","G968",100,"FIL2",120,50,6,9.5,0.1545,6.9525,"PASS",4,100,"FIL2","Parent",1,"Dry","A",21,"G968.1","G968.2",8.5,26,"11:27",5,0.81,"FIL2_G968_100"
"FIL2_G979_865",352,352,360,"P_hallii_F2","RNA","leaf","field harvest","Juenger","eQTL","G979",865,"FIL2",149,50,7.4,9.7,0.195,8.775,"PASS",4,865,"FIL2","Parent",1,"Dry","A",32,"G979.1","G979.2",26,45,"11:41",4,0.8,"FIL2_G979_865"
"FIL2_H033_594",190,190,198,"P_hallii_F2","RNA","leaf","field harvest","Juenger","eQTL","H033",594,"FIL2",NA,50,0,8.7,0.2205,9.9225,"PASS",4,594,"FIL2","Parent",1,"Dry","A",85,"H033.1","H033.2",3.5,26.5,"12:43",NA,NA,"FIL2_H033_594"
"FIL2_H098_248",36,36,44,"P_hallii_F2","RNA","leaf","field harvest","Juenger","eQTL","H098",248,"FIL2",107,50,5.35,9.4,0.152,6.84,"PASS",4,248,"FIL2","Parent",1,"Dry","B",48,"H098.1","H098.2",8,27,"12:08",2,0.78,"FIL2_H098_248"
"FIL2_G956_490",155,155,163,"P_hallii_F2","RNA","leaf","field harvest","Juenger","eQTL","G956",490,"FIL2",236,50,11.8,8.9,0.385,17.325,"PASS",3,490,"FIL2","Parent",1,"Dry","A",9,"G956.1","G956.2",16.5,34,"11:12",NA,NA,"FIL2_G956_490"
"FIL2_G964_479",312,312,320,"P_hallii_F2","RNA","leaf","field harvest","Juenger","eQTL","G964",479,"FIL2",192,50,9.6,9.1,0.258,11.61,"PASS",3,479,"FIL2","Parent",1,"Dry","A",17,"G964.1","G964.2",6.5,23.5,"11:21",NA,NA,"FIL2_G964_479"
"FIL2_G957_7",106,106,114,"P_hallii_F2","RNA","leaf","field harvest","Juenger","eQTL","G957",7,"FIL2",112,50,5.6,9,0.162,7.29,"PASS",2,7,"FIL2","Parent",1,"Dry","A",10,"G957.1","G957.2",3,25,"11:12",NA,NA,"FIL2_G957_7"
"FIL2_H037_176",34,34,42,"P_hallii_F2","RNA","leaf","field harvest","Juenger","eQTL","H037",176,"FIL2",41,50,2.05,9.6,0.0515,2.3175,"FAIL",NA,176,"FIL2","Parent",1,"Dry","A",89,"H037.1","H037.2",12,31,"12:48",2,0.79,"FIL2_H037_176"
"FIL2_H182_534",3,3,11,"P_hallii_F2","RNA","leaf","field harvest","Juenger","eQTL","H182",534,"FIL2",55,50,2.75,9.5,0.06,2.64,"FAIL",NA,534,"FIL2","Parent",2,"Wet","A",30,"H182.1","H182.2",4,14.5,"11:43",NA,NA,"FIL2_H182_534"
"FIL2_H192_228",18,18,26,"P_hallii_F2","RNA","leaf","field harvest","Juenger","eQTL","H192",228,"FIL2",132,50,6.6,9,0.119,5.355,"PASS",1,228,"FIL2","Parent",2,"Wet","A",40,"H192.1","H192.2",3.5,15,"11:56",NA,NA,"FIL2_H192_228"
"FIL2_H267_130",209,209,217,"P_hallii_F2","RNA","leaf","field harvest","Juenger","eQTL","H267",130,"FIL2",NA,50,0,8.7,0.333,14.985,"PASS",1,130,"FIL2","Parent",2,"Wet","B",13,"H267.1","H267.2",4,12,"11:15",NA,NA,"FIL2_H267_130"
"FIL2_H275_502",361,361,369,"P_hallii_F2","RNA","leaf","field harvest","Juenger","eQTL","H275",502,"FIL2",252,50,12.6,9.4,0.331,14.895,"PASS",1,502,"FIL2","Parent",2,"Wet","B",21,"H275.1","H275.2",3.5,13,"11:24",NA,NA,"FIL2_H275_502"
"FIL2_H338_904",262,262,270,"P_hallii_F2","RNA","leaf","field harvest","Juenger","eQTL","H338",904,"FIL2",167,50,8.3,7.9,0.1955,8.7975,"PASS",3,904,"FIL2","Parent",2,"Wet","B",84,"H338.1","H338.2",3.5,16,"12:57",NA,NA,"FIL2_H338_904"
"FIL2_H345_323",96,96,104,"P_hallii_F2","RNA","leaf","field harvest","Juenger","eQTL","H345",323,"FIL2",181,50,9.05,9.3,0.286,12.87,"PASS",2,323,"FIL2","Parent",2,"Wet","B",91,"H345.1","H345.2",4,18,"13:06",10,0.85,"FIL2_H345_323"
"FIL2_H211_367",250,250,258,"P_hallii_F2","RNA","leaf","field harvest","Juenger","eQTL","H211",367,"FIL2",98,50,4.9,8.7,0.127,5.715,"PASS",2,367,"FIL2","Parent",2,"Wet","A",59,"H211.1","H211.2",4.5,5,"12:30",8,0.83,"FIL2_H211_367"
"FIL2_H213_58",287,287,295,"P_hallii_F2","RNA","leaf","field harvest","Juenger","eQTL","H213",58,"FIL2",171,50,8.5,8.8,0.213,9.585,"PASS",2,58,"FIL2","Parent",2,"Wet","A",61,"H213.1","H213.2",4,5,"12:33",13,0.87,"FIL2_H213_58"
"FIL2_H207_610",258,258,266,"P_hallii_F2","RNA","leaf","field harvest","Juenger","eQTL","H207",610,"FIL2",184,50,9.2,8.2,0.272,12.24,"PASS",4,610,"FIL2","Parent",2,"Wet","A",55,"H207.1","H207.2",4,11.5,"12:15",26,0.95,"FIL2_H207_610"
"FIL2_H208_103",349,349,357,"P_hallii_F2","RNA","leaf","field harvest","Juenger","eQTL","H208",103,"FIL2",272,50,13.6,8.4,0.455,20.475,"PASS",4,103,"FIL2","Parent",2,"Wet","A",56,"H208.1","H208.2",6,15,"12:16",12,0.86,"FIL2_H208_103"
"FIL2_H326_12",339,339,347,"P_hallii_F2","RNA","leaf","field harvest","Juenger","eQTL","H326",12,"FIL2",106,50,5.3,7.3,0.148,6.66,"PASS",4,12,"FIL2","Parent",2,"Wet","B",72,"H326.1","H326.2",4,14,"12:42",NA,NA,"FIL2_H326_12"
"FIL2_H170_247",23,23,31,"P_hallii_F2","RNA","leaf","field harvest","Juenger","eQTL","H170",247,"FIL2",177,50,8.866,8.7,0.1835,8.2575,"PASS",3,247,"FIL2","Parent",2,"Wet","A",18,"H170.1","H170.2",4.5,14.5,"11:31",7,0.83,"FIL2_H170_247"
"FIL2_H172_475",360,360,368,"P_hallii_F2","RNA","leaf","field harvest","Juenger","eQTL","H172",475,"FIL2",141,50,7,9.6,0.2095,9.4275,"PASS",3,475,"FIL2","Parent",2,"Wet","A",20,"H172.1","H172.2",9.5,15.5,"11:33",13,0.87,"FIL2_H172_475"
"FIL2_H228_485",338,338,346,"P_hallii_F2","RNA","leaf","field harvest","Juenger","eQTL","H228",485,"FIL2",125,50,6.2,9.2,0.171,7.695,"PASS",3,485,"FIL2","Parent",2,"Wet","A",76,"H228.1","H228.2",7.5,14.5,"12:52",16,0.89,"FIL2_H228_485"
"FIL2_H293_55",206,206,214,"P_hallii_F2","RNA","leaf","field harvest","Juenger","eQTL","H293",55,"FIL2",NA,50,0,8.4,0.1735,7.8075,"PASS",3,55,"FIL2","Parent",2,"Wet","B",39,"H293.1","H293.2",3,16,"11:49",14,0.87,"FIL2_H293_55"
"FIL2_H235_289",264,264,272,"P_hallii_F2","RNA","leaf","field harvest","Juenger","eQTL","H235",289,"FIL2",170,50,8.5,8.5,0.181,8.145,"PASS",2,289,"FIL2","Parent",2,"Wet","A",83,"H235.1","H235.2",3.5,16,"13:00",12,0.86,"FIL2_H235_289"
"FIL2_H297_504",256,256,264,"P_hallii_F2","RNA","leaf","field harvest","Juenger","eQTL","H297",504,"FIL2",206,50,10.3,8.6,0.276,12.42,"PASS",2,504,"FIL2","Parent",2,"Wet","B",43,"H297.1","H297.2",5.5,15,"11:54",12,0.86,"FIL2_H297_504"
"HAL2_G997_338",333,333,341,"P_hallii_F2","RNA","leaf","field harvest","Juenger","eQTL","G997",338,"HAL2",77,50,3.8,8.4,0.1085,4.8825,"PASS",1,338,"HAL2","Parent",1,"Dry","A",50,"G997.1","G997.2",20,36,"12:03",3,0.8,"HAL2_G997_338"
"HAL2_H101_237",126,126,134,"P_hallii_F2","RNA","leaf","field harvest","Juenger","eQTL","H101",237,"HAL2",228,50,11.4,8.8,0.362,16.29,"PASS",1,237,"HAL2","Parent",1,"Dry","B",51,"H101.1","H101.2",3,24,"12:14",1,0.77,"HAL2_H101_237"
"HAL2_H126_821",166,166,174,"P_hallii_F2","RNA","leaf","field harvest","Juenger","eQTL","H126",821,"HAL2",NA,50,0,9.2,0.1035,4.6575,"PASS",1,821,"HAL2","Parent",1,"Dry","B",76,"H126.1","H126.2",12,26.5,"12:54",3,0.8,"HAL2_H126_821"
"HAL2_G950_542",331,331,339,"P_hallii_F2","RNA","leaf","field harvest","Juenger","eQTL","G950",542,"HAL2",184,50,9.2,8.8,0.242,10.89,"PASS",1,542,"HAL2","Parent",1,"Dry","A",3,"G950.1","G950.2",4,25.5,"11:00",NA,NA,"HAL2_G950_542"
"HAL2_G988_482",133,133,141,"P_hallii_F2","RNA","leaf","field harvest","Juenger","eQTL","G988",482,"HAL2",45,50,2.25,8.3,0.0715,3.2175,"FAIL",NA,482,"HAL2","Parent",1,"Dry","A",41,"G988.1","G988.2",5.5,29.5,"11:53",7,0.82,"HAL2_G988_482"
"HAL2_G959.1_220",66,66,74,"P_hallii_F2","RNA","leaf","field harvest","Juenger","eQTL","G959.1",220,"HAL2",162,50,8.1,8.8,0.269,12.105,"PASS",2,220,"HAL2","Parent",1,"Dry","A",12,"G959.1","G959.2",2,34.5,"11:15",NA,NA,"HAL2_G959.1_220"
"HAL2_H020_447",228,228,236,"P_hallii_F2","RNA","leaf","field harvest","Juenger","eQTL","H020",447,"HAL2",NA,50,0,9.3,0.105,4.725,"PASS",2,447,"HAL2","Parent",1,"Dry","A",72,"H020.1","H020.2",16.5,35.5,"12:29",NA,NA,"HAL2_H020_447"
"HAL2_H074_147",121,121,129,"P_hallii_F2","RNA","leaf","field harvest","Juenger","eQTL","H074",147,"HAL2",84,50,4.2,8.4,0.135,6.075,"PASS",2,147,"HAL2","Parent",1,"Dry","B",24,"H074.1","H074.2",5.5,23,"11:32",NA,NA,"HAL2_H074_147"
"HAL2_H112.1_48",76,76,84,"P_hallii_F2","RNA","leaf","field harvest","Juenger","eQTL","H112.1",48,"HAL2",133,50,6.661,8.8,0.146,6.57,"PASS",4,48,"HAL2","Parent",1,"Dry","B",62,"H112.1","H112.2",29.5,38,"12:33",4,0.8,"HAL2_H112.1_48"
"HAL2_H057_24",45,45,53,"P_hallii_F2","RNA","leaf","field harvest","Juenger","eQTL","H057",24,"HAL2",133,50,6.65,9,0.182,8.19,"PASS",4,24,"HAL2","Parent",1,"Dry","B",7,"H057.1","H057.2",26.5,49,"11:07",8,0.83,"HAL2_H057_24"
"HAL2_H090_76",135,135,143,"P_hallii_F2","RNA","leaf","field harvest","Juenger","eQTL","H090",76,"HAL2",115,50,5.75,8.6,0.204,9.18,"PASS",4,76,"HAL2","Parent",1,"Dry","B",40,"H090.1","H090.2",3.5,25,"11:58",NA,NA,"HAL2_H090_76"
"HAL2_G996_353",147,147,155,"P_hallii_F2","RNA","leaf","field harvest","Juenger","eQTL","G996",353,"HAL2",58,50,2.9,8.9,0.067,3.015,"FAIL",NA,353,"HAL2","Parent",1,"Dry","A",49,"G996.1","G996.2",17,36,"12:01",6,0.82,"HAL2_G996_353"
"HAL2_H008_403",116,116,124,"P_hallii_F2","RNA","leaf","field harvest","Juenger","eQTL","H008",403,"HAL2",76,50,3.8,7.6,0.1085,4.8825,"PASS",3,403,"HAL2","Parent",1,"Dry","A",60,"H008.1","H008.2",5.5,26.5,"12:16",NA,NA,"HAL2_H008_403"
"HAL2_H152_332",187,187,195,"P_hallii_F2","RNA","leaf","field harvest","Juenger","eQTL","H152",332,"HAL2",NA,50,0,8.6,0.183,8.235,"PASS",2,332,"HAL2","Parent",1,"Dry","B",102,"H152.1","H152.2",8,37,"13:28",6,0.82,"HAL2_H152_332"
"HAL2_H246_762",10,10,18,"P_hallii_F2","RNA","leaf","field harvest","Juenger","eQTL","H246",762,"HAL2",125,50,6.25,10,0.1685,7.414,"PASS",1,762,"HAL2","Parent",2,"Wet","A",94,"H246.1","H246.2",2,15.5,"13:15",NA,NA,"HAL2_H246_762"
"HAL2_H309_469",273,273,281,"P_hallii_F2","RNA","leaf","field harvest","Juenger","eQTL","H309",469,"HAL2",153,50,7.6,8.4,0.1855,8.3475,"PASS",1,469,"HAL2","Parent",2,"Wet","B",55,"H309.1","H309.2",2,9.5,"12:09",15,0.88,"HAL2_H309_469"
"HAL2_H319_128",239,239,247,"P_hallii_F2","RNA","leaf","field harvest","Juenger","eQTL","H319",128,"HAL2",NA,50,NA,9.6,0.066,2.97,"FAIL",NA,128,"HAL2","Parent",2,"Wet","B",65,"H319.1","H319.2",NA,29,"12:32",NA,NA,"HAL2_H319_128"
"HAL2_H305_910",29,29,37,"P_hallii_F2","RNA","leaf","field harvest","Juenger","eQTL","H305",910,"HAL2",87,50,4.35,9.6,0.1345,6.0525,"PASS",3,910,"HAL2","Parent",2,"Wet","B",51,"H305.1","H305.2",2.5,18.5,"12:04",NA,NA,"HAL2_H305_910"
"HAL2_H195.1_306",78,78,86,"P_hallii_F2","RNA","leaf","field harvest","Juenger","eQTL","H195.1",306,"HAL2",22,50,1.1,2.4,0.0295,1.3275,"FAIL",NA,306,"HAL2","Parent",2,"Wet","A",43,"H195.1","H195.2",2.5,12,"11:59",23,0.94,"HAL2_H195.1_306"
"HAL2_H236_73",87,87,95,"P_hallii_F2","RNA","leaf","field harvest","Juenger","eQTL","H236",73,"HAL2",152,50,7.6,9.2,0.1725,7.7625,"PASS",2,73,"HAL2","Parent",2,"Wet","A",84,"H236.1","H236.2",2,16,"13:01",NA,NA,"HAL2_H236_73"
"HAL2_H261_344",247,247,255,"P_hallii_F2","RNA","leaf","field harvest","Juenger","eQTL","H261",344,"HAL2",110,50,5.5,8.7,0.1485,6.6825,"PASS",2,344,"HAL2","Parent",2,"Wet","B",7,"H261.1","H261.2",3.5,13.5,"11:07",13,0.87,"HAL2_H261_344"
"HAL2_H263_56",223,223,231,"P_hallii_F2","RNA","leaf","field harvest","Juenger","eQTL","H263",56,"HAL2",NA,50,0,9.2,0.152,6.84,"PASS",4,56,"HAL2","Parent",2,"Wet","B",9,"H263.1","H263.2",23.5,32.5,"11:10",NA,NA,"HAL2_H263_56"
"HAL2_H266_370",7,7,15,"P_hallii_F2","RNA","leaf","field harvest","Juenger","eQTL","H266",370,"HAL2",178,50,8.9,0,0.248,10.912,"FAIL",NA,370,"HAL2","Parent",2,"Wet","B",12,"H266.1","H266.2",3,11.5,"11:14",NA,NA,"HAL2_H266_370"
"HAL2_H312_538",94,94,102,"P_hallii_F2","RNA","leaf","field harvest","Juenger","eQTL","H312",538,"HAL2",216,50,10.8,8.9,0.28,12.6,"PASS",4,538,"HAL2","Parent",2,"Wet","B",58,"H312.1","H312.2",3,9.5,"12:13",NA,NA,"HAL2_H312_538"
"HAL2_H351_435",263,263,271,"P_hallii_F2","RNA","leaf","field harvest","Juenger","eQTL","H351",435,"HAL2",168,50,8.3,8.8,0.223,10.035,"PASS",4,435,"HAL2","Parent",2,"Wet","B",97,"H351.1","H351.2",2,18,"13:13",NA,NA,"HAL2_H351_435"
"HAL2_H188_341",9,9,17,"P_hallii_F2","RNA","leaf","field harvest","Juenger","eQTL","H188",341,"HAL2",162,50,8.1,9.5,0.193,8.492,"PASS",3,341,"HAL2","Parent",2,"Wet","A",36,"H188.1","H188.2",3,14.5,"11:51",NA,NA,"HAL2_H188_341"
"HAL2_H193_752",345,345,353,"P_hallii_F2","RNA","leaf","field harvest","Juenger","eQTL","H193",752,"HAL2",85,50,4.2,8,0.1135,5.1075,"PASS",3,752,"HAL2","Parent",2,"Wet","A",41,"H193.1","H193.2",4.5,11.5,"11:57",24,0.94,"HAL2_H193_752"
"HAL2_H166_959",149,149,157,"P_hallii_F2","RNA","leaf","field harvest","Juenger","eQTL","H166",959,"HAL2",88,50,4.4,9,0.133,5.985,"PASS",2,959,"HAL2","Parent",2,"Wet","A",14,"H166.1","H166.2",3,10,"11:23",NA,NA,"HAL2_H166_959"
